source,targets
z00haiRA,TreePencil DeeForce Soph-art-lover Niti-Pon EchoJinx47 sakkali
i7434r7157,Marielle-HighScream Lolliedrop NomarRubi FireTsuki
solchu123,SushimiTsukimi xGalaxy-Purple iZince
Celuthien,Sephiroth-Art Seraphy-chan
SmolPotatoArtist01,Mikaru-Blackspade StarJita Marielle-HighScream kouriiko Teslarossa CookieSharkArts Rianne2k8
Elemeda,thunderstorm210 Miss-Symph-0x0 SiilentRain aireeine
KhuraYatoxX,MeganWintersx XxRebyTheCatxX RamzyKamen deertzto Dans-Mind nijikawai PrincessSkyler boy-kisses Sleepy-Mia Hiiroki Sa-Dui GirlCrepyYandere FerooJaws EinnhardeR SkywaySky
YattaMutt,EinnhardeR
Miss-Symph-0x0,DrawItWriteIt CharlotteArtz kouriiko Plush-Lore nijikawai thunderstorm210 ColineTheNeko Pegasister4eternity Rainbow-RiseOwO BronyCooper Streak-set-Paints SiilentRain Scarlett-Houston uomiii
LSPcosplay,KenzieLuv30
xdarkfeatherx,Sleepy-Mia
ReblLily,Dysphoriyl DeeForce pikinipiki blackbirdeast Candy-Witch Crownos CookieSharkArts
Fumikuru,ChiRozu Ria-Kisaragi27 Myaruu Seraphy-chan Deniz-Shy Sleepy-Mia rollingpoly Kuri-Nyann lunacybunny
EthanSawyer,NintenCatherine
Helpami,Tuliblu decamet
CreativeMissy,SirPon TreePencil DeeForce EmmieStitch Cippy21 Seraphy-chan Deniz-Shy KaawaiiKiwi myAngeltears CookieSharkArts lunacybunny Hime-pyon KokoDrooodle Cofee-Love pikinipiki amiqu Minaru-Art SushimiTsukimi DiWine-Waro Iku-Aldena Rianne2k8 xHoshiGalaxyx
HiimePyon,Tuliblu Kanomatsu
KariHobinetti,Mikaru-Blackspade maikasenpai Cloud-Fly Airienne thunderstorm210 Miss-Symph-0x0 Deniz-Shy BronyCooper CookieSharkArts TheRainbowGod surprisewolf Ria-Kisaragi27 Skyriazeth Plush-Lore nijikawai MikoDiin XxArturoJuliboxX Streak-set-Paints Naymechan Maximations cudlil
karlena1997,Carsote Seraphy-chan lunacybunny
Sayo-Ink,CharlotteArtz nijikawai Juliet-Veil thunderstorm210 aireeine
Shannon1234567,hizbullahepy SuperAceheroic DahriAlGhul
Vestigance,enmoire Katzyrine Myaruu Kuri-Nyann Mimpi-ReiArt
axoolotl,StarJita Autumn-Luck
Greteh,enmoire StarJita Skyriazeth FoxMuppet Sleepy-Mia Gabasonian TIWWYNEO VileBile AirSaber
Cippy21,Mikaru-Blackspade EinnhardeR
GSquadron,Sephiroth-Art
hizbullahepy,Shannon1234567
Leahlinn,Plush-Lore ClutterCluster AirSaber
deidara1444,Soph-art-lover MissKammi
Rainbow-RiseOwO,CharlotteArtz Soph-art-lover nijikawai octosexbang Crystal--Boi alphashadowdragon
BreadChunkk,BreadChunk Whiskers901
LadyUnorthodox,YattaMutt Deniz-Shy FerooJaws EinnhardeR VileBile
Drasayer,Ruanly Selunna neritiq DivinityEclipse Bhealltainn DepartedDoe moosethief PromiseWoodStables totalrandomusername UnbornLegacyArt badazal
nieveblanca12,Eti-blanca xKurochii Myaruu HoneyDoodlez decamet HaruMiiu Iku-Aldena rooklinqs Xiaochii
Kureiyah,ZerothBox SofiMXD Nindei
Awkie,enmoire Mango-Nectar Rinitoruu Icymiiru xKurochii Queen-RooniiSuu Deniz-Shy BasicNerd Sage-2018 lunacybunny Hime-pyon rainjello Myaruu Tuliblu adorablysquish Candy-Witch MilkPore decamet helminths Turned-At-Dusk
DamiaDiamondLace,SushimiTsukimi
TiaTam,RamzyKamen Jellious
HoneyDoodlez,xKurochii Myaruu Seraphy-chan Deniz-Shy rollingpoly lunacybunny DestinyStarz
riggystix,Ruanly neritiq totalrandomusername badazal
drowsydoe,neritiq October-Owl
DiWine-Waro,Sa-Dui
anaedicionsnCR,PaoTiniEditions DreamLigthsOfAny AnyQu33n
Kitkattremblay,TheWinterBunny
StylesonhoranEdition,swxt-moon ituks wondxful-lies FuckMeBitchPerfect sunlovesthxmoon Rukia-Sempai jyeeditosab ibest-flxwers
xHoshiGalaxyx,Celuthien Juliet-Veil YurisYu Diego-Beltrao Heartcrocher StarryM00nlight s-k-i-e-s pikinipiki shoemin TheFaunDoll-sCanvas SakuraDrawer CrashinWaves Kittybellgamer octosexbang solcii-chan Explotato decamet Kooliokatz HinamoriKills TreePencil Mikaru-Blackspade DeeForce FrostedMacaron chimkoe heartkey101 Wolfgalaxys pirhana4 orrionstar KenryChu Yuarei Skyriazeth PrincessSkyler RatQween Mimpi-ReiArt Teadoodles jyeeditosab flickeroriginator
XxRaven-FindersxX,gauzhi DrakynWyrm 0-Bluejay-0
Nanuukk,fabueen
Pyoco,miiudesu
Sorex-And-HikameRose,Nanuukk Fizzyfiz-fiz Carsote xKurochii Frosticee heartkey101 Hiiroki Candy-Witch Hilent DerrickButler07
EllieSphaera,Nanuukk DrakynWyrm Rianne2k8
Akuma-Mana61,Natassya13 lunacybunny
Zimoshi,enmoire Carsote FoxMuppet Sleepy-Mia EinnhardeR lunacybunny iZince itajez009 ChiRozu Sephiroth-Art xwanwan GuD0c Poromii decamet helminths Kuri-Nyann BananaStarx VileBile
Pikanite,KokoDrooodle C2iNk starsleeps YattaMutt Sa-Dui levellove FerooJaws mr-tiaa
EinnhardeR,MeganWintersx StarJita Vixenniru KhuraYatoxX ArtySoul2 YattaMutt SkywaySky
a-loquy,Destiny-MoonFire
sunlovesthxmoon,Nanuukk Dysphoriyl swxt-moon StarJita Mlp-Adict VoidBurn Creaciones-Jean The-lost-kuchiki MH-Nova CookieSharkArts PaoTiniEditions shin-minmi ituks AppleEditions15 wondxful-lies Rikunni ibest-flxwers MaiChanQAQ Mikaru-Blackspade Carsote BachLynn23 Alindraws heartkey101 FuckMeBitchPerfect Argyros-Silver YoeComeGalletas Rukia-Sempai NatyEditions25 xlightdreams DreamLigthsOfAny Hikerumin Rianne2k8 StylesonhoranEdition jyeeditosab
KenzieLuv30,xNeferpitoux Ramyuun arcanid LSPcosplay VileBile
ArtWeazel,NeonApples CrimsonCommande CherrysDesigns Yumanai Seraphy-chan zea-bruh Candy-Witch Nindei rollingpoly
EkoStag,reznor666 vanndra aya-sara
deertzto,CharlotteArtz Juliet-Veil xKurochii thunderstorm210 aireeine s-k-i-e-s EmoDeathBunny Cofee-Love nijikawai riggystix Candy-Witch decamet helminths
Masked-Nightmare1,rollingpoly
MellowMaize,neritiq
MiraiTea,xKurochii KawariChi
Miouaa,Carsote Oscorix Rinitoruu MissDiealot
ladypotate,xKurochii Tuliblu qeorqia
BananaStarx,77auraa Blurasxbery Seraphy-chan
ZedLord-Art,marcosnogueiracb SlichoArt
Oscorix,ChiRozu llEttell TwistedTrickster97 DiWine-Waro MilkPore rollingpoly derpycanine
scarlet--shade,Selunna DrakynWyrm derpycanine cudlil
Shrillard,derpycanine
AsuMella,yoniku
WolfyKitten,Thesecretofthewolfs CosmicColours
YoshineChan,Sonic-bases-4ever xKurochii BotCp Queen-RooniiSuu Sleepy-Mia pikinipiki RinaChanny n-i-k-n-a-k HiimePyon KariHobinetti Myaruu octosexbang Honeybuzz01 GoldenFurryOfficial 2aftermeridian MaiChanQAQ TreePencil kouriiko Rinitoruu Honey-Doodle Seraphy-chan lunacybunny Cofee-Love xwanwan Carmen-OtakuGamer rollingpoly TIWWYNEO xNeferpitoux xXKahArtsxX NomarRubi Zimoshi Kanomatsu iikwa Sephiroth-Art Ria-Kisaragi27 shoemin hachissu Minaru-Art RedCurruption DestinyStarz X-XLawlessX-X Ariannedione11 Airienne May-Senpi Niti-Pon O-Persephone-O Supeer-chan EroTako Katzyrine kats-kreative SushimiTsukimi
Jellious,n-i-k-n-a-k TiaTam Chii-Dan
DrakynWyrm,llEttell runandwine fabueen Sa-Dui Gabasonian CaptainIronHawk spannks rooklinqs zzpopzz qeorqia Artemiie
MalinaLis,Oscorix runandwine aes0
Xemnas-sama,TheWinterBunny SansXYugioh qhostiecat
vegetagirl9000,ChiRozu Rianne2k8
levellove,Katzyrine Tuliblu
eggroII,Ramyuun Fable-Paradox Plush-Lore Deniz-Shy MangoKittyCat
aisutime,Awkie Ramyuun Oscorix Plush-Lore Tuliblu adorablysquish MilkPore mr-tiaa VileBile
MeowKittyMMD,Naymechan
NatyEditions25,swxt-moon PaoTiniEditions xlightdreams ituks AppleEditions15 AnyQu33n Creaciones-Jean wondxful-lies FuckMeBitchPerfect The-Queen-of-Solace YoeComeGalletas sunlovesthxmoon jyeeditosab ibest-flxwers
Mina-Chaan,LyricGemVA
miss-alchemist,MH-Nova
Dreyce,Gekigengar Sleepy-Mia
TripleTartArt3,enmoire Awkie Ezekuro KenryChu xKurochii rainjello polar1303 Seraphy-chan Sa-Dui Kanomatsu decamet
BreadChunk,derpycanine
AmazingAceArmy,Ria-Kisaragi27 PrincessSkyler Alindraws TheCreatorsEye s-k-i-e-s
xXFantasmicXx,May-Senpi MilkPore
Sonic-bases-4ever,enmoire MeganWintersx Cippy21 sakuyasworld PrattyVee Kanomatsu MegaNE-KO EinnhardeR lunacybunny artisticallystrange Cofee-Love Ria-Kisaragi27 xwanwan Vixenniru Solunee Sa-Dui Nindei Teslarossa AnnA8448
Silver2504,JivvySixTeen
Tyleroni,CharlotteArtz deertzto nijikawai
ColineTheNeko,Ramyuun P--ara PixyPersephone Leahlinn adorablysquish MilkPore Stjarnamenne Nestly
Kitten-Miau,Plush-Lore WolfyKitten MilkPore
astrologicaI,TreePencil TheOnlyMoosen
Kit-sunebi,Plush-Lore
ShelbyQuino,runandwine chimkoe O-Persephone-O
KawariChi,RamzyKamen MiraiTea
ZombieTator,CherrysDesigns kouriiko
tri-bent,RizaHarmona xwanwan Ruanly ZoeTaylorAdopts solcii-chan Naymechan implike
shin-minmi,swxt-moon ibest-flxwers
pikinipiki,DeeForce kawaa-kari kobbii Myaruu Razei-kun Sleepy-Mia Candy-Witch HaruMiiu
Zair0,NeonApples StarJita DeeForce Celuthien PixyPersephone BotCp Seraphy-chan Deniz-Shy Sleepy-Mia myAngeltears CookieSharkArts lunacybunny uomiii odorii pikinipiki MsMellaa gauzhi Vixenese Gemira Tuliblu Razei-kun Candy-Witch helminths rollingpoly Turned-At-Dusk Cacaa-chan
mei-star,Icymiiru Tuliblu Sleepy-Mia
WiLloWBlOsSoMXoX102,Itacls uomiii
BertMel,aurenbunni StarJita Oscorix Ruanly Moonsii mireiayuu susiedragon Phoenix-Alikan SkywaySky PrincessSkyler shi-bu-shi Sa-Dui MilkPore aya-sara spannks pinku-me
Sans-Under-Tale,Skyriazeth SansXYugioh Underfeels-AU Candy-Witch MissDiealot
Underfeels-AU,enmoire Skyriazeth SansXYugioh 0-Bluejay-0 MissDiealot Frinti EinnhardeR
Stjarnamenne,Ramyuun ClutterCluster
MilkPore,ChiRozu Plush-Lore llEttell BertMel aisutime mr-tiaa
PrincessCarol,Natassya13
Iku-Aldena,lunacybunny
Mimyoi,Carsote Gekigengar Moonlit-Lotus
ibest-flxwers,Nanuukk swxt-moon DeeForce VoidBurn AnyQu33n MegaNE-KO FuckMeBitchPerfect MH-Nova YoeComeGalletas CookieSharkArts sunlovesthxmoon Rukia-Sempai sakkali PaoTiniEditions xlightdreams Soph-art-lover ituks wondxful-lies Candy-Witch Rikunni Rianne2k8 StylesonhoranEdition jyeeditosab
QueenCheeseCake,Plush-Lore Pikanite
KyrrahTW,maikasenpai Sonic-bases-4ever Dans-Mind WingLightWolf Frostdance89 MACINTOSHPIUS boy-kisses VoidBurn EinnhardeR spaced---out CaptainNinjaPants Smoq-Bomb Vixenniru XxArturoJuliboxX ArtySoul2 Streak-set-Paints GirlCrepyYandere
mireiayuu,MilkPore decamet helminths Say0chi
thunderstorm210,z00haiRA Cofee-Love CharlotteArtz Skyriazeth TheRebelPhoenix deertzto nijikawai Rainbow-RiseOwO BronyCooper Natka778 VileBile
8BitWeirdo,Jellious Pikanite
CircusMiko,floofufo
DreamingOcean,DrakynWyrm Artemiie
Phoenix-Alikan,derpycanine cudlil
mr-tiaa,Plush-Lore
floofufo,Fable-Paradox PurpleMistPepper susiedragon solcii-chan cudlil uomiii
AirSaber,runandwine
Smoq-Bomb,VoidBurn KhuraYatoxX SkywaySky Marielle-HighScream XxRebyTheCatxX XxArturoJuliboxX nijikawai Honeybuzz01 solcii-chan XxJUSTINKYxX 2aftermeridian DestinyStarz TreePencil MeganWintersx KyrrahTW WingLightWolf boy-kisses Honey-Doodle spaced---out CaptainNinjaPants JivvySixTeen Vixenniru PrincessSkyler ArtySoul2 Teslarossa TVMiluna
Yuarei,ChiRozu Myaruu Hime-pyon
UndertaleMewtwo,IvonnaTaco110 TreePencil StarJita DeeForce Skyriazeth P--ara d-rukqs Underfeels-AU Candy-Witch Naymechan EinnhardeR Rianne2k8
PlasmaDragonite,Plush-Lore reznor666
katherineprosperi,MeganWintersx Vicle-chan Tuliblu FerooJaws EinnhardeR
AnimaLover126,DrakynWyrm MissDiealot 0PieceOfCake0
raumzeitkontinuum,polar1303 Nindei
FireTsuki,YuriqueS Sonic-bases-4ever Kuri-Nyann
SofiMXD,TOMMI-W runandwine Aenyk Kureiyah
vanndra,EkoStag Creaciones-Jean
GirlCrepyYandere,deertzto katherineprosperi Carmen-OtakuGamer FerooJaws EinnhardeR Metaphorical-Wh0re
moosethief,blackbirdeast artisticallystrange
RatQween,P--ara xKurochii SuperAceheroic s-k-i-e-s uomiii
enmoire,Katzyrine zzpopzz
xNeferpitoux,MaiChanQAQ TreePencil L3Moon-Studios Celuthien BloodLover2222 RamzyKamen YoshineChan Seraphy-chan Jellious Deniz-Shy levellove Kanomatsu lunacybunny KenzieLuv30 Ria-Kisaragi27 pikinipiki Yumanai Diegoutetsuma rollingpoly Kuri-Nyann
Mimi-TRD,maikasenpai Seraphy-chan decamet HaruMiiu
Kayumi-tann,Arienee-Chan
Juliet-Veil,enmoire xKurochii Seraphy-chan Deniz-Shy Hime-pyon mr-tiaa ChiRozu Katzyrine deertzto octosexbang MilkPore decamet helminths
xXKahArtsxX,CherrysDesigns Frostdance89
sweater-shibe,StarJita Bonnie078 Candy-Witch squidshy Rianne2k8 sakkali VileBile
OneHellOfANation,TreePencil maikasenpai May-Senpi Alindraws Crystal--Boi XxCreamyPastelxX MissDiealot The-Queen-of-Solace J0sadorf Frinti Ria-Kisaragi27 PrincessSkyler XxArturoJuliboxX Underfeels-AU October-Owl DidoArt12
Creaciones-Jean,TreePencil Viperwings Bunikoo Sleepy-Mia Antisapien YoeComeGalletas Crownos sunlovesthxmoon Rukia-Sempai NatyEditions25 DreamLigthsOfAny elicoronel16 RedCurruption vanndra DezignerDude aya-sara
stephaniereckling,raumzeitkontinuum
Hanatokabeno2810,shoemin Dongtra-maochan myAngeltears
Diego-Beltrao,Ralenore Crownos
RSNVaine,kouriiko Myaruu Hilent LoliNoel Kuri-Nyann
Juli-Leysson,jayseskimo Frostdance89 WingLightWolf Niti-Pon nijikawai thunderstorm210 0-Bluejay-0 MissDiealot KittyRosali Rianne2k8 LunarStuffz
xGalaxy-Purple,maikasenpai solchu123 P--ara chimkoe d-rukqs HaruMiiu CookieSharkArts nyalls Hime-pyon uomiii Totoro-Draws MilkPore solcii-chan
Noioo,X-XLawlessX-X Juliet-Veil DivinityEclipse Underfeels-AU
nyalls,Mikaru-Blackspade holidayturkeyy P--ara boy-kisses d-rukqs XxCreamyPastelxX Frinti xGalaxy-Purple floofufo uomiii aireeine ChiRozu Skyriazeth rollingpoly squidshy cudlil LordRabbid 2aftermeridian
GlittterificStud,TreePencil Rinitoruu Seraphy-chan Sleepy-Mia Kanomatsu decamet Iku-Aldena lunacybunny Hime-pyon SnickerChan
dashina-many,Awkie Katzyrine Niti-Pon miiudesu xKurochii Juliet-Veil Myaruu Seraphy-chan adorablysquish Candy-Witch lunacybunny Hime-pyon
StarryM00nlight,EmmieStitch Celuthien xKurochii Deniz-Shy BunnyMacarons NekoRosee Xiaochii ChiRozu Soph-art-lover Myaruu Kittybellgamer Gemira Honeybuzz01 Iku-Aldena Mimyoi SirPon Rinitoruu Niti-Pon Honey-Doodle DivinityEclipse Seraphy-chan lunacybunny Cofee-Love Hikerumin ChaiFoxi rollingpoly
MilkyMoon13,decamet
Honig-Biene,TOMMI-W
Oikaii,kouriiko HaruMiiu
Minaru-Art,ChiRozu RamzyKamen Myaruu Seraphy-chan Hikerumin decamet rollingpoly Iku-Aldena lunacybunny
Jei-Dinofelini,Kimopoleis ItaSlipy October-Owl
Creamcloudie,Lolliedrop Kimopoleis Seraphy-chan Kuri-Nyann
OceanCatSpirit,PocketOfStarz TreePencil RizaHarmona Honig-Biene DrakynWyrm Crystal--Boi 0-Bluejay-0 Wolfgalaxys Rianne2k8 xHoshiGalaxyx XxRaven-FindersxX
HinamoriKills,Silver2504 Niti-Pon Blurasxbery xKurochii Seraphy-chan Deniz-Shy rollingpoly Allaigna-Puff lunacybunny
Mikaru-Blackspade,DrawItWriteIt SmolPotatoArtist01 Sonic-bases-4ever Dans-Mind Natassya13 ameshin VoidBurn Crystal--Boi Kit-sunebi Orbitual Grimmijaggers octosexbang Underfeels-AU Manga124 Iku-Aldena MaiChanQAQ TreePencil Cippy21 Rinitoruu Seraphy-chan Wolfgalaxys Say0chi rainjello brigadierrPG xHoshiGalaxyx NecroPlanter enmoire sunlovesthxmoon XxArturoJuliboxX nijikawai decamet FangirlPhantomhive Naymechan mony0487 SonicoGFX CharlotteArtz AsuMella YoshineChan heartkey101 MeowKittyMMD Rukia-Sempai KouriTheHedgehog Skyriazeth PrincessSkyler Gekigengar Candy-Witch Rianne2k8 jyeeditosab Mimpi-ReiArt
mony0487,Nanuukk swxt-moon StarJita PaoTiniEditions shoemin Alindraws yipyipbrrring octosexbang Candy-Witch FuckMeBitchPerfect YoeComeGalletas Rukia-Sempai
ZaveKey,Ezekuro Lolliedrop Icymiiru Candy-Witch MilkPore Kaiend
May-Senpi,Sniv-The-Unworthy xZylerx Yumanai Chibi-loli Sleepy-Mia
KarhunNoaidi,runandwine
miiudesu,Deniz-Shy rollingpoly Iku-Aldena lunacybunny Hime-pyon
BronyCooper,TheWinterBunny Ramyuun Cofee-Love Fable-Paradox nijikawai KariHobinetti BlueKoi-Png Miss-Symph-0x0 Rainbow-RiseOwO Stjarnamenne FuyonaBeanie SilverSwirls15
Rarer4ever,TreePencil StarJita DeeForce Cofee-Love reznor666 octosexbang Ranpuru Rianne2k8
smoldragorgi,TreePencil aurenbunni StarJita Streak-set-Paints solcii-chan TheCreatorsEye
YoeComeGalletas,swxt-moon StarJita Carsote chimkoe VoidBurn Seraphy-chan Creaciones-Jean The-Queen-of-Solace FuckMeBitchPerfect CookieSharkArts sunlovesthxmoon Rukia-Sempai NatyEditions25 PaoTiniEditions Blurasxbery ituks wondxful-lies Rianne2k8 jyeeditosab ibest-flxwers
rooklinqs,PocketOfStarz DrakynWyrm Sa-Dui October-Owl 0-Bluejay-0 iikwa
orrionstar,TreePencil aurenbunni DeeForce Celuthien Juliet-Veil xKurochii Seraphy-chan Deniz-Shy Rinnocent SkywaySky Cofee-Love kawaa-kari pikinipiki MsMellaa Vixenese adorablysquish Candy-Witch rollingpoly
Pahris,rollingpoly
badazal,Selunna
pfaffenhut,n-i-k-n-a-k
itajez009,Zimoshi ItaSlipy
xZylerx,Nanuukk May-Senpi XxArturoJuliboxX Alindraws deidara1444 Candy-Witch DidoArt12 PasteIPizza
kats-kreative,EnOfTheWorld
Totoro-Draws,TreePencil maikasenpai RinaChanny xKurochii NomarRubi Seraphy-chan VGBNEM Iku-Aldena
LovellaTorendo,Ruanly RileyCasper Bhealltainn implike UnbornLegacyArt
Aqua-Elephant,Plush-Lore Rikunni
Kitty-Karma,SilverSwirls15
Hikerumin,MaiChanQAQ ChiRozu TheRebelPhoenix kouriiko Myaruu Seraphy-chan Minaru-Art Candy-Witch rollingpoly lunacybunny Hime-pyon StarryM00nlight
Novatea,Plush-Lore VileBile
0PieceOfCake0,BlueWolfieART
YOMMI-SAN,MaiChanQAQ VileBile
AniLLem,kobbii Rianne2k8
Arreni,n-i-k-n-a-k AkinaSilver
meinnie,MilkPore
zertify,IvonnaTaco110
Queen-RooniiSuu,Awkie ChiRozu MsMellaa Seraphy-chan Tuliblu zea-bruh
Vicle-chan,Tuliblu lunacybunny Hime-pyon
Atimmi,xKurochii Seraphy-chan Tuliblu Kanomatsu iZince
YurisYu,Rianne2k8
Unicorn-Sophie,deidara1444
Flying-Hamburgers26,DidoArt12 squidshy uomiii
l-o-w-k-e-yARTSY,TreePencil Sleepy-Mia
The-lost-kuchiki,Sephiroth-Art Lolliedrop MsMellaa RamzyKamen Seraphy-chan Tuliblu Deniz-Shy Manga124 Say0chi ibest-flxwers Kureiyah
implike,Ruanly CherrysDesigns runandwine EinnhardeR badazal
SiilentRain,nijikawai Uher0 CookieCatCrazie
SkywaySky,Carsote L3Moon-Studios Niti-Pon PixyPersephone Vicle-chan VoidBurn Deniz-Shy Sleepy-Mia FerooJaws EinnhardeR lunacybunny ChiRozu XxRebyTheCatxX xwanwan YuriqueS Vixenniru Myaruu yoniku Sa-Dui Candy-Witch Teslarossa Iku-Aldena rollingpoly debrodis
Oi-Im-Sad,Nanuukk shoemin Candy-Witch Rianne2k8
Marielle-HighScream,KouriTheHedgehog StarJita XxRebyTheCatxX VoidBurn EinnhardeR SkywaySky
Lyn-Lopez,Katzyrine
Eti-blanca,TreePencil StarJita yoniku Candy-Witch Kanomatsu
SakuraDrawer,KenryChu
catt-uccino,holidayturkeyy d-rukqs solcii-chan Zheffari derpycanine uomiii
Aubergine100,StarJita L3Moon-Studios XxArturoJuliboxX Vixenese Grimmijaggers LoliNoel
FuyonaBeanie,aurenbunni Plush-Lore Leahlinn ClutterCluster aisutime Misuzee
TheAcademyGhost,ChiRozu Plush-Lore P--ara Underfeels-AU Sa-Dui rollingpoly iZince
DahriAlGhul,Shannon1234567
Endercloud,Plush-Lore
SirPon,DeeForce Carsote Niti-Pon xKurochii FoxMuppet Seraphy-chan Sleepy-Mia iikwa MadamTea CookieSharkArts Hime-pyon StarryM00nlight Soph-art-lover SilverTox Myaruu Hiiroki Candy-Witch Hilent helminths
Thesecretofthewolfs,Oikaii
Ambarnaza,Nanuukk DrakynWyrm Candy-Witch Rianne2k8 TIWWYNEO
kouriiko,ChiRozu YuriqueS Rinitoruu Plush-Lore Myaruu Seraphy-chan Minaru-Art iiMesketchii Iku-Aldena Rianne2k8 Kuri-Nyann lunacybunny
SuperOrRealTunetia12,StarJita Mlp-Adict Seraphy-chan heartkey101 The-Queen-of-Solace nieveblanca12 Hime-pyon uomiii FireTsuki SushimiTsukimi Candy-Witch DidoArt12 rollingpoly cudlil
Icymiiru,enmoire Ezekuro ZaveKey YuriqueS Tuliblu decamet Shueren
Rinitoruu,Awkie Skyriazeth Seraphy-chan Deniz-Shy Sa-Dui MissDiealot Kanomatsu Hime-pyon
I-Am-A-Silver-Lining,Nanuukk TreePencil StarJita CherrysDesigns Moonsii O-Persephone-O YurisYu octosexbang Drasayer CookieSharkArts Rianne2k8 VileBile
XxCreamyPastelxX,kobbii MACINTOSHPIUS DrakynWyrm Kittybellgamer Crystal--Boi PasteIPizza nyalls cudlil
K-enopsia,Tuliblu Deniz-Shy ItaSlipy EinnhardeR VileBile
FuckMeBitchPerfect,mony0487 swxt-moon AnyQu33n YoeComeGalletas sunlovesthxmoon Rukia-Sempai PaoTiniEditions xlightdreams DreamLigthsOfAny AppleEditions15 ituks wondxful-lies StylesonhoranEdition jyeeditosab ibest-flxwers
Wolfgalaxys,Natassya13 VoidBurn Crystal--Boi Sleepy-Mia EchoJinx47 ReblLily MissKammi pikinipiki Fable-Paradox reznor666 Plush-Lore catt-uccino Rikunni MilkPore VelvetOpal TreePencil I-Am-A-Silver-Lining Rainbow0112 Alindraws Seraphy-chan KittyRosali Phoenix-Alikan Diegoutetsuma SonnasArt White-Tailed-tres PasteIPizza Teslarossa xHoshiGalaxyx Dysphoriyl hellosiste qhostiecat alphashadowdragon Ranpuru TheRainbowGod aireeine shoemin XxArturoJuliboxX XxJUSTINKYxX OceanCatSpirit Mikaru-Blackspade S-Siyala WingLightWolf The-Queen-of-Solace CloudedLullaby Crownos LunarStuffz miss-alchemist Hikerumin Shionpants Rianne2k8 ChaiFoxi
row,Sephiroth-Art
sakkali,ZoeyArt TOMMI-W arcanid runandwine Itacls Sa-Dui JACARIUS Rianne2k8 Autumn-Luck
Ramyuun,Leahlinn MilkPore mr-tiaa
xwanwan,MaiChanQAQ Seraphy-chan Deniz-Shy Iku-Aldena lunacybunny Hime-pyon
Mitchiri-Neko,Nestly
WithoutCommonSense,Plush-Lore runandwine DrakynWyrm AirSaber
DreamLigthsOfAny,PaoTiniEditions xlightdreams AnyQu33n Creaciones-Jean wondxful-lies anaedicionsnCR FuckMeBitchPerfect sunlovesthxmoon jyeeditosab ibest-flxwers
Tuliblu,Vicle-chan Deniz-Shy ItaSlipy MilkPore Shueren
White-Tailed-tres,arcanid WingLightWolf MACINTOSHPIUS shaylawolfloverreal DrakynWyrm PasteIPizza ChaiFoxi White-Tailed-Fox Rianne2k8
Gorcette,Cippy21 Tuliblu
DidoArt12,TheWinterBunny BloodLover2222 d-rukqs xXWindflowerXx Flying-Hamburgers26 Crystal--Boi LyricGemVA Antisapien Ranpuru CookieSharkArts Fable-Paradox Zair0 Yumanai XxArturoJuliboxX RedCurruption Sa-Dui Naymechan Turned-At-Dusk Mikaru-Blackspade TreePencil Rickythecool KyrrahTW CharlotteArtz L3Moon-Studios Selusunost SuperOrRealTunetia12 BlueKoi-Png VGBNEM BronyCooper CloudedLullaby myAngeltears nieveblanca12 DSegno92 KouriTheHedgehog xZylerx GuD0c SonnasArt Hikerumin Candy-Witch SuperAceheroic Rianne2k8 xHoshiGalaxyx WhalePie
SuperAceheroic,StarJita Carsote kouriiko Gekigengar Manga124 Othellys Sleepy-Mia CAL1C0 RatQween Shannon1234567
NintenCatherine,EthanSawyer
swxt-moon,AnyQu33n wondxful-lies FuckMeBitchPerfect sunlovesthxmoon Rukia-Sempai ibest-flxwers
runandwine,Sephiroth-Art TOMMI-W Katzyrine Sa-Dui BeetleInABottle JACARIUS
Mlp-Adict,TreePencil Fluershy123 The-Queen-of-Solace sunlovesthxmoon Astrokiwi
DanuuArt,Carsote Frostdance89 ItaSlipy
Spirit33322,Streak-set-Paints
Laney916,Nanuukk StarJita miss-alchemist shoemin DrakynWyrm Candy-Witch The-Queen-of-Solace CookieSharkArts Rianne2k8 totalrandomusername KenzieLuv30
Mylittleponyart2,CharlotteArtz
Aenyk,TOMMI-W runandwine
HsuMei,XFuyu-YumeX
McClanaface,KokoDrooodle StarJita maikasenpai DeeForce xKurochii Rikunni solcii-chan CookieSharkArts floofufo
s-k-i-e-s,PrincessSkyler
Xiaochii,Chesh-Syn Plush-Lore Chii-Dan
bloodypixel777,Nanuukk
Ria-Kisaragi27,ChiRozu SushimiTsukimi MegaNE-KO rollingpoly
XxArturoJuliboxX,Celuthien WassupIke KhuraYatoxX VoidBurn CookieSharkArts jayseskimo XxRebyTheCatxX Zair0 Marielle-HighScream Soph-art-lover reznor666 ituks KariHobinetti OrangenKunst octosexbang Aubergine100 MeganWintersx TreePencil Rickythecool KyrrahTW misty-mellow12 I-Am-A-Silver-Lining Rainbow0112 Alindraws deidara1444 KirstiCatStJelloFoo yipyipbrrring XxCreamyPastelxX CircusMiko Smoq-Bomb SnickerChan Vixenniru DamiaDiamondLace Vixenese SonnasArt SofiMXD anaedicionsnCR DidoArt12 Teslarossa squidshy TVMiluna NecroPlanter Dysphoriyl Nanuukk StarJita hellosiste Rain-Wings arcanid Spirit33322 OneHellOfANation Aenyk LoliNoel Antisapien Ranpuru HaruMiiu MH-Nova GlittterificStud blackbirdeast shoemin TheFaunDoll-sCanvas solcii-chan Timber-lyn Mikaru-Blackspade Mango-Nectar DeeForce Kattsura Niti-Pon boy-kisses KaawaiiKiwi utaharu n0lax The-Queen-of-Solace myAngeltears LunarStuffz CaptainNinjaPants KokoDrooodle KouriTheHedgehog miss-alchemist TOMMI-W xZylerx faded--colours Totoro-Draws Candy-Witch Streak-set-Paints Rianne2k8
Poromii,Sephiroth-Art Tuliblu
Sasu-Sakuu,Nanuukk StarJita Rianne2k8 qeorqia
0-Bluejay-0,PocketOfStarz arcanid DrakynWyrm Juli-Leysson
XxJUSTINKYxX,jayseskimo uomiii
Explotato,TreePencil XxRebyTheCatxX heartkey101 Sleepy-Mia Gabasonian
LunchboxFrank,TheRebelPhoenix koimonster22
cudlil,JivvySixTeen plqnetmars derpycanine uomiii
X-XLawlessX-X,Skyriazeth runandwine
CharlotteArtz,NintenCatherine niiqht-litten Miss-Symph-0x0 Mylittleponyart2 LyricGemVA TheRainbowGod CookieCatCrazie EthanSawyer Scarlett-Houston deertzto nijikawai KA0980Kawaii RedDrawsStuff0-0 Rikunni Sayo-Ink SilverSwirls15 DestinyStarz MaiChanQAQ TreePencil Carsote thunderstorm210 heartkey101 TheRainbowPonyKitty BronyCooper starrylight45589 Smoq-Bomb Cofee-Love Rainbowcystal Gekigengar
kuaciyum,maikasenpai Seraphy-chan lunacybunny
WingLightWolf,BloodLover2222 Le-Chat-Jaune Frostdance89 Crystal--Boi Kitten-Miau Candyyaj EchoJinx47 SiilentRain uomiii TheRebelPhoenix nerdermily WiLloWBlOsSoMXoX102 VelvetOpal LordRabbid ShinyRaii axoolotl EyAssyria KyrrahTW maikasenpai BlueKoi-Png thunderstorm210 TheRainbowPonyKitty KittyRosali MissDiealot Wolfgalaxys floofufo Smoq-Bomb shaylawolfloverreal SonnasArt White-Tailed-tres DidoArt12 TVMiluna Nestly d-rukqs DerrickButler07 Juli-Leysson nyalls TheRainbowGod nijikawai XxArturoJuliboxX KA0980Kawaii solcii-chan cudlil Alexiwings9 Kattsura Frosticee Arienee-Chan BronyCooper White-Tailed-Fox KokoDrooodle Streak-set-Paints ChaiFoxi
marcosnogueiracb,Sephiroth-Art ZedLord-Art Lolliedrop RamzyKamen Midnight-Designed SlichoArt
cat-of-the-unreal,alphashadowdragon
O-Persephone-O,I-Am-A-Silver-Lining ShelbyQuino
Qube-Core,KenryChu
Arienee-Chan,WingLightWolf Kayumi-tann SansXYugioh catt-uccino Neon--Stylus Sleepy-Mia TripleTartArt3 Fumikuru Xiaochii
BeetleInABottle,runandwine
Revan-Dawnstar,CherrysDesigns
DepartedDoe,Nanuukk n-i-k-n-a-k ColoradoPeaks aes0 Bhealltainn JACARIUS Misuzee Cani-bal implike Lori-Lori-Chan badazal AirSaber
LunarStuffz,ArtOfLenoraClark Frostdance89 gauzhi XxArturoJuliboxX Deniz-Shy VGBNEM Candy-Witch Juli-Leysson Wolfgalaxys CookieSharkArts Rianne2k8 orrionstar aireeine Nestly
valloria,enmoire
chrislittle,Dysphoriyl DeeForce Carsote Alindraws Sleepy-Mia iiMesketchii MadamTea lunacybunny HasnaGahayu13 blackbirdeast Blurasxbery yoniku zea-bruh Candy-Witch rollingpoly Mimpi-ReiArt
Jesteeer,maikasenpai PrincessAmunet
KokoDrooodle,WingLightWolf XxArturoJuliboxX CreativeMissy z3p0chicken McClanaface
KouriTheHedgehog,MeganWintersx YattaMutt BronyCooper Rainbow-RiseOwO FerooJaws EinnhardeR spaced---out SkywaySky aireeine Ramyuun Cofee-Love XxRebyTheCatxX Marielle-HighScream Vixenniru nijikawai XxArturoJuliboxX Nindei Teslarossa debrodis DestinyStarz
CherrysDesigns,ArtWeazel ClutterCluster Kureiyah
UnseenRealms,RileyCasper xXKahArtsxX SushimiTsukimi valloria
xlightdreams,swxt-moon PaoTiniEditions ituks DreamLigthsOfAny Vixenese wondxful-lies FuckMeBitchPerfect sunlovesthxmoon NatyEditions25
Rainbowcystal,DeeForce CharlotteArtz Carsote Soph-art-lover Candy-Witch BronyCooper VileBile
PrincessSkyler,TreePencil MiladyDiamond-Beatz Law-lie xKurochii boy-kisses Kimopoleis DrakynWyrm Seraphy-chan Gabasonian MegaNE-KO lunacybunny s-k-i-e-s Tuliblu FireTsuki BertMel Solunee octosexbang FangirlPhantomhive Teslarossa
Itacls,TreePencil TOMMI-W xKurochii MACINTOSHPIUS DivinityEclipse CaptainIronHawk squidshy sakkali 2aftermeridian cudlil uomiii
ZerothBox,Kimopoleis Sa-Dui Kureiyah
kiadan-designer,Manga124
Razei-kun,Dysphoriyl Kattsura HiimePyon Myaruu rollingpoly lunacybunny
perodiablo,Frinti
adorablysquish,enmoire Ezekuro llEttell Leahlinn Kanomatsu aisutime iZince mr-tiaa Awkie Katzyrine YuriqueS Plush-Lore Blurasxbery Tuliblu MilkPore Iku-Aldena
Streak-set-Paints,DrawItWriteIt CharlotteArtz Lolliedrop thunderstorm210 Spirit33322 Miss-Symph-0x0 Crystal--Boi starrylight45589 EchoJinx47 smoldragorgi uomiii aireeine Ramyuun deertzto nijikawai XxArturoJuliboxX KariHobinetti KA0980Kawaii MLPFrost
aya-sara,DrawItWriteIt YuriqueS Creaciones-Jean Sleepy-Mia CloudedLullaby Rianne2k8
VanArt94,mr-tiaa
AnyQu33n,swxt-moon PaoTiniEditions ituks wondxful-lies anaedicionsnCR FuckMeBitchPerfect YoeComeGalletas Rukia-Sempai jyeeditosab ibest-flxwers NatyEditions25
Artistic-Lights,TreePencil Cookiez4evr Antisapien
jackroono,VoidBurn
Dreamer-Draws,Ramyuun Cloud-Fly xKurochii
Kaoruni,Seraphy-chan Smouvie
Shaniahmations,Mikaru-Blackspade MiladyDiamond-Beatz octosexbang
Havenoid,KenryChu kouriiko decamet
NekoRosee,Sardrellas Niti-Pon Myaruu Seraphy-chan zea-bruh Deniz-Shy Minaru-Art Candy-Witch Hime-pyon
Sage-2018,neritiq Artemiie
sakugeek,clarinetistdoves
CookieSharkArts,Kattsura VoidBurn Alindraws Seraphy-chan Ranpuru Autumn-Luck Ria-Kisaragi27 Ryu-seki Razei-kun Hikerumin Candy-Witch Mogire Rianne2k8 TIWWYNEO VileBile
ChiRozu,enmoire Ria-Kisaragi27 Myaruu Seraphy-chan Deniz-Shy adorablysquish MilkPore Teslarossa lunacybunny Hime-pyon
jayseskimo,Nanuukk PocketOfStarz StarJita DeeForce Alexiwings9 arcanid Frostdance89 BlueKoi-Png Alindraws DrakynWyrm jiritsuu Juli-Leysson KittyRosali The-Queen-of-Solace CookieSharkArts Sage-2018 Metaphorical-Wh0re Artemiie Fable-Paradox White-Tailed-tres Candy-Witch solcii-chan derpycanine
kekerosene,Dysphoriyl n-i-k-n-a-k I-Am-A-Silver-Lining Natassya13 deredrosid Alindraws MLPFrost Ranpuru Rianne2k8 Phoenix-Alikan
Plush-Lore,llEttell WithoutCommonSense
Selunna,Ruanly Drasayer PromiseWoodStables totalrandomusername badazal
CrashinWaves,TheWinterBunny Nanuukk PocketOfStarz C2iNk runandwine SansXYugioh MACINTOSHPIUS Overkill766 xXWindflowerXx CreativeSoal DepartedDoe The-Queen-of-Solace Misuzee HaruMiiu CaptainIronHawk RiverRekt PurpleMistPepper Rainbowcystal CharmysARPG SonnasArt October-Owl JACARIUS Rikunni ShamusWorld Kiwiaka Cani-bal Timber-lyn xHoshiGalaxyx
yoniku,Candy-Witch
AlineLPS,Nanuukk Cloud-Fly LEOJIBEBEKFORLIFE MissDiealot CAL1C0 sunlovesthxmoon Rianne2k8
octosexbang,Nanuukk TreePencil UnseenRealms chimkoe VoidBurn SushimiTsukimi Candy-Witch Teslarossa Rianne2k8
Hiiroki,NeonApples Sorex-And-HikameRose lisbeeth Celuthien xKurochii Vicle-chan FoxMuppet Deniz-Shy UlielArt iZince ArtWeazel Selunna SilverTox Naymechan SirPon MiladyDiamond-Beatz Carsote GSquadron Niti-Pon Moonsii Rainbow0112 Seraphy-chan Say0chi Awkie CherrysDesigns rainjello SushimiTsukimi ItaSlipy Neon--Stylus Candy-Witch helminths MangoKittyCat Rianne2k8 rollingpoly Akuno-chan
Manga124,MaiChanQAQ Oscorix L3Moon-Studios Niti-Pon niiqht-litten deidara1444 heartkey101 Sleepy-Mia The-lost-kuchiki SnickerChan chrislittle MilkyMoon13 kiadan-designer SuperAceheroic Smouvie
stevecash83-ART2,ChiRozu XxRebyTheCatxX Frostdance89 Totoro-Draws XxArturoJuliboxX PrincessSkyler xKurochii Myaruu DrakynWyrm Teslarossa SkywaySky DestinyStarz cudlil
Honeybuzz01,YuriqueS Niti-Pon xKurochii Myaruu Honey-Doodle decamet rollingpoly lunacybunny DestinyStarz
Smouvie,Kaoruni Xiaochii
Poppa6,Ruanly FerooJaws CookieSharkArts Rianne2k8 Hime-pyon
LordRabbid,TreePencil StarJita WingLightWolf amiqu PrincessSkyler TheCreatorsEye TIWWYNEO
MeganWintersx,CherrysDesigns Vixenniru katherineprosperi boy-kisses KhuraYatoxX FerooJaws Teslarossa EinnhardeR SkywaySky
MaiChanQAQ,enmoire xNeferpitoux Nanuukk Celuthien xKurochii Juliet-Veil niiqht-litten Bunikoo Deniz-Shy Crystal--Boi EinnhardeR dashina-many Hime-pyon TheRainbowGod nijikawai SilverTox Underfeels-AU decamet Iku-Aldena Mimyoi DestinyStarz Mikaru-Blackspade TreePencil Mango-Nectar ZaveKey CharlotteArtz Carsote Rinitoruu Niti-Pon Seraphy-chan lunacybunny Choklit-Cookie JivvySixTeen xwanwan Blurasxbery Hikerumin Candy-Witch rollingpoly YOMMI-SAN TIWWYNEO
Rickythecool,XxArturoJuliboxX VoidBurn SkywaySky
Atorapucha,Smouvie
misty-mellow12,S-Siyala CherrysDesigns BloodLover2222 kouriiko PrincessSkyler brigadierrPG DrakynWyrm ZerothBox vanndra Candy-Witch Rianne2k8 you-may-call-me-meme
Honey-Doodle,Ezekuro xKurochii Vicle-chan Myaruu Seraphy-chan Honeybuzz01 rollingpoly Iku-Aldena lunacybunny DestinyStarz
BlueKoi-Png,DrakynWyrm Nestly
obake-the-sincere,Antisapien
Seraphy-chan,xKurochii Juliet-Veil Zimoshi niiqht-litten Deniz-Shy Kaoruni Hime-pyon ChiRozu ArtWeazel deertzto Myaruu zea-bruh decamet Iku-Aldena MaiChanQAQ kouriiko VelvetCookiesRed Rinitoruu Niti-Pon FerooJaws lunacybunny Choklit-Cookie Blurasxbery Candy-Witch helminths
AlexaXVMichaelis,pikinipiki Lolliedrop Alindraws sonyasoniclover12
CanelaRose,ChiRozu Tuliblu zea-bruh adorablysquish iikwa
Frinti,Choklit-Cookie Underfeels-AU perodiablo MissDiealot solcii-chan Sage-2018 BlueWolfieART
lunacybunny,MaiChanQAQ Vicle-chan Seraphy-chan Deniz-Shy LoliNoel Hime-pyon Awkie xwanwan PrincessAmunet rainjello Tuliblu Minaru-Art Candy-Witch
Choklit-Cookie,Pyoco StarJita Carsote xKurochii Vicle-chan Seraphy-chan Frinti uomiii ChiRozu mei-star SushimiTsukimi adorablysquish Candy-Witch MilkPore 2aftermeridian
amiqu,nerdermily CreativeMissy yipyipbrrring lunacybunny LordRabbid
Moonstone-Serenity,ameshin moontrance123 Hime-pyon
NeonApples,ArtWeazel CrimsonCommande Plush-Lore gauzhi Moonsii Hime-pyon
Sniv-The-Unworthy,PurpleMistPepper runandwine
holidayturkeyy,catt-uccino SushimiTsukimi Crystal--Boi solcii-chan cudlil
Kimopoleis,Sephiroth-Art ZerothBox VGBNEM DerrickButler07
NomarRubi,TreePencil Sleepy-Mia Hilent Kaiend Kuri-Nyann Say0chi
CosmicColours,DrakynWyrm MilkPore Sage-2018 Hime-pyon
shirousagi14,enmoire
Fullmetal870,Kureiyah
xIcepelt,Ruanly Selunna neritiq Smileyfacestar
Bonnie078,Fable-Paradox sweater-shibe Gabasonian iikwa Noahsnowy-y Rianne2k8
Gemira,Zair0 Candy-Witch StarryM00nlight
Cherri-Bomb,Ramyuun Myaruu Rainbow-RiseOwO VileBile
DezignerDude,CookieSharkArts
FangirlPhantomhive,Mikaru-Blackspade Nanuukk RamzyKamen shoemin PrincessSkyler I-Am-A-Silver-Lining deredrosid sakuyasworld Candy-Witch Rianne2k8
Turned-At-Dusk,Awkie MilkPore derpycanine
VileBile,Animated123 Greteh llEttell ZoeTaylorAdopts aisutime Novatea
MizuNeko68,ChiRozu Yumanai Minaru-Art Sleepy-Mia iikwa aya-sara
cowcaterol,ChiRozu Seraphy-chan Say0chi
boy-kisses,EinnhardeR
utaharu,constellationtears
VenusToaster,Scarlett-Houston
iiMesketchii,ChiRozu Carsote Lolliedrop KenryChu kouriiko Seraphy-chan Sa-Dui Iku-Aldena lunacybunny Hime-pyon
spaced---out,kobbii PrincessSkyler VoidBurn Deniz-Shy FerooJaws Teslarossa sakkali
White-Tailed-Fox,L3Moon-Studios WithoutCommonSense WingLightWolf MACINTOSHPIUS PasteIPizza CosmicColours ChaiFoxi Sage-2018 uomiii
myAngeltears,Nanuukk Devinodon Hanatokabeno2810 Dongtra-maochan Zair0 shoemin CreativeMissy XxArturoJuliboxX Hikerumin Candy-Witch DidoArt12 Airi-Deviantart decamet Rianne2k8
Natka778,sweetie-madiselle Nanuukk NintenCatherine deertzto thunderstorm210 Candy-Witch PrattyVee FerooJaws Xiaochii
SavkaMagical,Katzyrine PixyPersephone
IvonnaTaco110,UndertaleMewtwo Oi-Im-Sad
YuriqueS,Minaru-Art
fabueen,Nanuukk WithoutCommonSense
GumbotheGreat,ZedLord-Art TreePencil StarJita Celuthien burburart Natassya13 xKurochii Jellious Sleepy-Mia UlielArt Crownos Fumikuru Helpami Katzyrine MsMellaa SlichoArt ItaSlipy SushimiTsukimi Sa-Dui
King--Weeaboo,RiverRekt SlichoArt SofiMXD Cani-bal
SushimiTsukimi,ZaveKey holidayturkeyy Kattsura MiladyDiamond-Beatz xKurochii Deniz-Shy MH-Nova Hime-pyon Awkie Chesh-Syn Ria-Kisaragi27 Katzyrine gauzhi Plush-Lore ItaSlipy Hikerumin decamet rollingpoly
Hilent,xKurochii
CandyAppleee,Myaruu Sleepy-Mia
Shionpants,adorablysquish
TheWinterBunny,Midnight-Designed
aurenbunni,Sa-Dui iikwa AirSaber
lisbeeth,PrincessAmunet ItaSlipy Hiiroki Kuri-Nyann
BotCp,Cani-bal KJsPlace
NexusUniverse,octosexbang Rianne2k8
ameshin,C2iNk Rinitoruu GSquadron miiudesu Aenyk SiilentRain CherrysDesigns miss-alchemist DarkStar5602 Candy-Witch RatQween purrwitch Rianne2k8 Moonstone-Serenity Kitkattremblay
FoxMuppet,enmoire Greteh Carsote Kanomatsu
VoidBurn,TreePencil Nanuukk TheWinterBunny KyrrahTW StarJita Rain-Wings chimkoe jackroono EinnhardeR SkywaySky Kureiyah Vixenniru Rikunni RatQween Teslarossa
Crystal--Boi,DrawItWriteIt Dysphoriyl holidayturkeyy Cloud-Fly Miss-Symph-0x0 OneHellOfANation MissKammi EinnhardeR TheRainbowGod aireeine uomiii deertzto nijikawai Myaruu KA0980Kawaii MLPFrost solcii-chan Sayo-Ink cudlil OceanCatSpirit 2aftermeridian MaiChanQAQ Mikaru-Blackspade CharlotteArtz WingLightWolf chimkoe thunderstorm210 Seraphy-chan TheRainbowPonyKitty XxCreamyPastelxX Rainbow-RiseOwO MissDiealot J0sadorf aisutime Wolfgalaxys mr-tiaa sakkali Blurasxbery SonnasArt Streak-set-Paints DidoArt12 squidshy ChaiFoxi derpycanine zzpopzz
CAL1C0,BeetleInABottle
Heartcrocher,Soph-art-lover ChaiFoxi
Mxytic,Candy-Witch Rianne2k8
Autumn-Luck,StarJita DeeForce reznor666 xAgnar Ranpuru CookieSharkArts McClanaface sakkali
EmoDeathBunny,Nanuukk Candy-Witch Rianne2k8
Barbew,Niti-Pon Seraphy-chan Candy-Witch Rianne2k8
nerdermily,Celuthien Zimoshi Mlp-Adict HaruMiiu NekoRosee StarryM00nlight ChiRozu TorikatoD Myaruu decamet Vestigance TreePencil DeeForce Kattsura WingLightWolf Seraphy-chan yipyipbrrring AlexaXVMichaelis floofufo orrionstar you-may-call-me-meme amiqu Vixenese HoneyDoodlez King--Weeaboo Hilent Mogire rollingpoly
eggpaw,MilkPore
Kollir,Cloud-Fly MalinaLis
purrwitch,Plush-Lore
spannks,Plush-Lore runandwine DrakynWyrm zzpopzz
heyitscoco,Sleepy-Mia aya-sara
panamatsu,Hime-pyon
TheRainbowPonyKitty,Ramyuun StarJita DeeForce CharlotteArtz nijikawai chimkoe thunderstorm210 MLPFrost Crystal--Boi BronyCooper TheRainbowGod SiilentRain
Lullaby-sweeties,Vicle-chan Seraphy-chan ItaSlipy
VGBNEM,Ruanly Totoro-Draws Diegoutetsuma
constellationtears,Nanuukk ZaveKey shoemin gauzhi VoidBurn Shiizacz Candy-Witch utaharu Rikunni Cani-bal Rianne2k8 VileBile
Abiess2,SlichoArt
Lori-Lori-Chan,CherrysDesigns runandwine Candy-Witch Kiwiaka sootle
Lyime,Tuliblu
SlimyRat,reznor666
Mukku-chan,Hime-pyon
Squalotail,runandwine Sa-Dui 2aftermeridian Nestly
PurpleMistPepper,Chesh-Syn Sardrellas xwanwan CherrysDesigns Plush-Lore Seraphy-chan Candy-Witch Chii-Dan floofufo
shaylawolfloverreal,derpycanine
cheezy1207,Dysphoriyl StarJita VoidBurn CAL1C0 Ranpuru CookieSharkArts Rianne2k8
PasteIPizza,Orbitual White-Tailed-Fox uomiii
MissOIi,RizaHarmona FerooJaws Rianne2k8
TVMiluna,Sonic-bases-4ever WingLightWolf Blurasxbery XxArturoJuliboxX White-Tailed-tres Kit-sunebi XxJUSTINKYxX Smoq-Bomb
WhalePie,Spyromancy Plush-Lore Oikaii MACINTOSHPIUS nyalls uomiii
Sardrellas,kouriiko PurpleMistPepper Diegoutetsuma Hikerumin NekoRosee
arcanid,PocketOfStarz TwistedTrickster97 Seraphy-chan FerooJaws
StarMasayume,Sa-Dui
xAgnar,Dysphoriyl CharmysARPG
PixyPersephone,SavkaMagical MilkPore
Smileyfacestar,Nanuukk neritiq Bhealltainn DepartedDoe badazal
TwistedTrickster97,Oscorix arcanid KarhunNoaidi runandwine llEttell DrakynWyrm Drasayer Misuzee Say0chi AirSaber badazal Spyromancy TOMMI-W JACARIUS
Destiny-MoonFire,clarinetistdoves TreePencil CookieSharkArts Rianne2k8 Phoenix-Alikan
Ranpuru,maikasenpai Kattsura MsMellaa Seraphy-chan UlielArt decamet CookieSharkArts Rianne2k8
Artemiie,PocketOfStarz Plush-Lore starsleeps DrakynWyrm Tuliblu October-Owl Sage-2018 mr-tiaa qeorqia
HasnaGahayu13,Ezekuro Icymiiru Candy-Witch
doodlebug-tori,NeonApples alphashadowdragon
smolboii,xwanwan Seraphy-chan Deniz-Shy Hikerumin Candy-Witch MilkPore lunacybunny zzpopzz
shoemin,Nanuukk TOMMI-W ameshin Leahlinn Sa-Dui Candy-Witch Rianne2k8
TheFaunDoll-sCanvas,Iku-Aldena
ZoeTaylorAdopts,TheWinterBunny PocketOfStarz arcanid llEttell runandwine DrakynWyrm Mogire spannks mr-tiaa VileBile
JACARIUS,runandwine
pinku-me,n-i-k-n-a-k BertMel
Timber-lyn,gauzhi runandwine neritiq XxArturoJuliboxX CrashinWaves
EnOfTheWorld,P--ara Totoro-Draws
BlueStarandBlackShot,Nanuukk Marielle-HighScream Gekigengar Candy-Witch Rikunni
SonicoGFX,Say0chi
VelvetCookiesRed,Tuliblu Kanomatsu Nestly
Niti-Pon,TreePencil Minweln yoniku Seraphy-chan Sleepy-Mia Candy-Witch lunacybunny Hime-pyon
heartkey101,NintenCatherine StarJita Sorex-And-HikameRose runandwine NomarRubi Bunikoo DerrickButler07 iikwa sunlovesthxmoon Scarlett-Houston nijikawai Oikaii Kittybellgamer Manga124 Hiiroki Explotato 2aftermeridian Mikaru-Blackspade TreePencil PigeonCalendar CharlotteArtz Carsote SuperOrRealTunetia12 Rinitoruu BronyCooper rooklinqs Whiskers901 Awkie Diegoutetsuma PasteIPizza moontrance123 aya-sara Rianne2k8 xHoshiGalaxyx UnbornLegacyArt Cacaa-chan
Z-Gears,StarJita deredrosid Alindraws HaruMiiu CookieSharkArts Rianne2k8 Phoenix-Alikan McClanaface NecroPlanter
BasicNerd,Awkie Rinitoruu miiudesu Seraphy-chan Candy-Witch lunacybunny dashina-many
lcystarz,n-i-k-n-a-k October-Owl
Metaphorical-Wh0re,pikinipiki arcanid Plush-Lore Frostdance89 thunderstorm210 ItaSlipy Sleepy-Mia K-enopsia Novatea
ZoeyArt,runandwine sakkali AirSaber
JivvySixTeen,Sa-Dui cudlil
TOMMI-W,Sephiroth-Art Chesh-Syn Katzyrine shoemin runandwine Gekigengar TheOnlyMoosen SofiMXD BeetleInABottle JACARIUS EinnhardeR Astrokiwi sakkali
Gekigengar,Sephiroth-Art Sardrellas YuriqueS zea-bruh Mimyoi
ChaiFoxi,FerooJaws uomiii
Dans-Mind,KyrrahTW
WanderingLok,DrakynWyrm
plqnetmars,Seraphy-chan 2aftermeridian cudlil uomiii
Candyyaj,Plush-Lore WingLightWolf
LyricGemVA,Nanuukk TreePencil
n-i-k-n-a-k,pfaffenhut Jellious Artemiie Arreni
Orbitual,PasteIPizza 2aftermeridian uomiii
reznor666,Cabbagesaurus Sophia-Eowyn
Cr1t1calHershey,rollingpoly Rianne2k8
SilverTox,MaiChanQAQ SirPon RizaHarmona May-Senpi Celuthien xKurochii Rainbow0112 Alindraws levellove EinnhardeR itajez009 miss-alchemist ItaSlipy Candy-Witch helminths
Kittybellgamer,maikasenpai Carsote Rinitoruu Frostdance89 Niti-Pon mireiayuu KhuraYatoxX Bunikoo heartkey101 Sleepy-Mia XxCreamyPastelxX NekoRosee Crownos StarryM00nlight Mina-Chaan gauzhi MikoDiin RedCurruption Neon--Stylus ClutterCluster Candy-Witch MilkPore
Bhealltainn,Nanuukk Ruanly RileyCasper Drasayer Lori-Lori-Chan UnbornLegacyArt badazal
Rushlan,you-may-call-me-meme
wondxful-lies,Nanuukk swxt-moon StarJita DeeForce AnyQu33n thunderstorm210 Alindraws FuckMeBitchPerfect YoeComeGalletas sunlovesthxmoon CookieSharkArts Rukia-Sempai PaoTiniEditions xlightdreams AppleEditions15 ituks Vixenese Candy-Witch Rianne2k8 jyeeditosab ibest-flxwers
Moonlit-Lotus,Juliet-Veil Sleepy-Mia Mimyoi Hime-pyon Say0chi
Astrokiwi,SofiMXD Sa-Dui BlueWolfieART
Kooliokatz,YuriqueS kouriiko
EyAssyria,ChiRozu YuriqueS Seraphy-chan SushimiTsukimi Kanomatsu Iku-Aldena Kuri-Nyann
MiladyDiamond-Beatz,StarJita DeeForce S-Siyala arcanid Alindraws FriskyChan YurisYu CAL1C0 Shaniahmations Ranpuru Phoenix-Alikan CookieSharkArts Hime-pyon TheRainbowGod Luna-96 shoemin Soph-art-lover Cr1t1calHershey gauzhi PrincessSkyler CreativeMissy Vixenese SushimiTsukimi Candy-Witch MilkPore Rianne2k8
Balletsu,StarMasayume xKurochii PixyPersephone Vicle-chan Seraphy-chan UlielArt EinnhardeR lunacybunny ChiRozu PrincessAmunet gauzhi Tuliblu ItaSlipy decamet helminths VileBile
P--ara,Plush-Lore gauzhi MilkPore Gabasonian rollingpoly zzpopzz VileBile
trackpad-user,Sa-Dui EinnhardeR
Whiskers901,Nanuukk Celuthien Cookie--Bear Sleepy-Mia Aenyk Candy-Witch moontrance123 aya-sara Rianne2k8 Hime-pyon
DSegno92,ChiRozu Celuthien Plush-Lore Niti-Pon Gekigengar DidoArt12 Gabasonian
Vixenniru,MeganWintersx VoidBurn FerooJaws EinnhardeR SkywaySky debrodis
souleater0132,kawaa-kari
neritiq,xIcepelt MellowMaize Mogire Sage-2018
brigadierrPG,Mikaru-Blackspade miss-alchemist hellosiste misty-mellow12 deredrosid Kuri-Nyann xHoshiGalaxyx cudlil uomiii
elicoronel16,StarMasayume Sa-Dui Nestly
SonnasArt,DeeForce thunderstorm210 DrakynWyrm Candy-Witch The-Queen-of-Solace Ranpuru CookieSharkArts
squidshy,sweater-shibe
rollingpoly,Celuthien Vicle-chan Atimmi Deniz-Shy LoliNoel The-lost-kuchiki Kanomatsu Ranpuru HaruMiiu Hime-pyon ChiRozu TorikatoD Ria-Kisaragi27 RinaChanny Yumanai Myaruu hachissu Minaru-Art Honeybuzz01 Iku-Aldena Vestigance maikasenpai kouriiko miiudesu Seraphy-chan CloudedLullaby lunacybunny Cofee-Love kawaa-kari xwanwan CherrysDesigns Katzyrine shi-bu-shi Tuliblu HoneyDoodlez ItaSlipy adorablysquish Hikerumin Candy-Witch helminths Kuri-Nyann Mimpi-ReiArt
AnnA8448,TheWinterBunny L3Moon-Studios VoidBurn YattaMutt MissDiealot J0sadorf EinnhardeR SkywaySky Uher0 ArtySoul2 Sa-Dui moosethief Teslarossa debrodis
Dysphoriyl,RatQween rollingpoly lunacybunny
StarJita,EinnhardeR VileBile
LoliNoel,xKurochii Vicle-chan Seraphy-chan Deniz-Shy RSNVaine Ranpuru Xiaochii ChiRozu Yumanai HiimePyon Myaruu Hikerumin Aubergine100 rollingpoly
Kanomatsu,FoxMuppet Sa-Dui decamet
PromiseWoodStables,Ruanly Selunna Bhealltainn Drasayer totalrandomusername badazal
MH-Nova,Candy-Witch
Hime-pyon,ChiRozu miiudesu Seraphy-chan Tuliblu Deniz-Shy Candy-Witch Kanomatsu decamet helminths
weehawk99,DrawItWriteIt
acwolf8788,Katzyrine
mewyhearts,Seraphy-chan Deniz-Shy MilkPore
siIverware,P--ara
Shiizacz,Nanuukk shoemin I-Am-A-Silver-Lining Alindraws Candy-Witch Rianne2k8
Sa-Dui,runandwine DiWine-Waro
Sophia-Eowyn,reznor666
decamet,mireiayuu Seraphy-chan Deniz-Shy Kanomatsu Dongtra-maochan Ranpuru lunacybunny Hime-pyon Xiaochii Awkie TorikatoD deertzto Tuliblu Minaru-Art Sa-Dui TripleTartArt3 helminths Iku-Aldena zzpopzz
Selusunost,EchoJinx47 LyricGemVA
llEttell,runandwine
chimkoe,TreePencil DrakynWyrm lunacybunny
MACINTOSHPIUS,ShinyRaii arcanid BotCp boy-kisses Frosticee FerooJaws White-Tailed-Fox Metaphorical-Wh0re uomiii Fable-Paradox deertzto Plush-Lore kobbii MilkPore MissOIi Novatea ChaiFoxi WhalePie
BachLynn23,swxt-moon MsMellaa wondxful-lies DerrickButler07 Crownos floofufo
aes0,DepartedDoe
Pegasister4eternity,Miss-Symph-0x0 Rainbow-RiseOwO BronyCooper SilverSwirls15 aireeine
Yuki-Fujioka,BronyCooper
Kaiend,ZaveKey
CaptainNinjaPants,KyrrahTW Gabasonian Teslarossa EinnhardeR
Rukia-Sempai,TreePencil Nanuukk Mikaru-Blackspade swxt-moon mony0487 StarJita AnyQu33n Alindraws Creaciones-Jean n0lax FuckMeBitchPerfect The-Queen-of-Solace YoeComeGalletas PaoTiniEditions shoemin ituks octosexbang wondxful-lies Candy-Witch Rianne2k8 jyeeditosab ibest-flxwers
JaquelineMerces,swxt-moon Candy-Witch LoliNoel FuckMeBitchPerfect
DerrickTButler,TreePencil Ruanly isacrae vanndra ibest-flxwers uomiii
77auraa,Blurasxbery BananaStarx
Blurasxbery,TreePencil Carsote adorablysquish MilkPore otakulane RatQween YoeComeGalletas TheRainbowGod
shi-bu-shi,Katzyrine CherrysDesigns deertzto xKurochii Vicle-chan yoniku BertMel Tuliblu Poromii MilkPore helminths lunacybunny Kureiyah
Nindei,Kureiyah
sinqingbirds,niiqht-litten
Teadoodles,adorablysquish ChaiFoxi
BloodLover2222,xNeferpitoux hellosiste TheRebelPhoenix misty-mellow12 WingLightWolf Alindraws DidoArt12 alphashadowdragon Phoenix-Alikan
SansXYugioh,AsuMella Natassya13 chimkoe thunderstorm210 Xemnas-sama Arienee-Chan MissDiealot Frinti FerooJaws CaptainIronHawk EinnhardeR SavkaMagical Ramyuun JivvySixTeen Ria-Kisaragi27 TheRebelPhoenix Skyriazeth CrashinWaves Sans-Under-Tale Underfeels-AU Teslarossa
susiedragon,Frostdance89 llEttell boyf-riends starsleeps Leahlinn alphashadowdragon Misuzee floofufo Selunna SilverTox BertMel Rikunni 0-Bluejay-0 MilkPore xHoshiGalaxyx Nestly
xKurochii,YuriqueS Atimmi Seraphy-chan Tuliblu Deniz-Shy helminths Iku-Aldena Hime-pyon s-k-i-e-s
PastelPinkieOfficial,Candy-Witch
scarlet-space,Rianne2k8
BunnyMacarons,Celuthien
EchoJinx47,Nanuukk The-Queen-of-Solace Rianne2k8
MegaNE-KO,Ria-Kisaragi27
MissKammi,CharlotteArtz nijikawai
XFuyu-YumeX,ChiRozu Seraphy-chan Minaru-Art
Scarlett-Houston,EmoDeathBunny CharlotteArtz KhuraYatoxX starrylight45589 VenusToaster weehawk99
Yumanai,Myaruu Seraphy-chan decamet rollingpoly
kobbii,P--ara Leahlinn XxCreamyPastelxX Sa-Dui Candy-Witch MilkPore solcii-chan Rianne2k8 AniLLem
AppleEditions15,xlightdreams ituks AnyQu33n wondxful-lies FuckMeBitchPerfect rollingpoly lunacybunny Rukia-Sempai
ituks,swxt-moon AnyQu33n FuckMeBitchPerfect sunlovesthxmoon YoeComeGalletas Rukia-Sempai NatyEditions25 PaoTiniEditions xlightdreams AppleEditions15 wondxful-lies Rianne2k8 ibest-flxwers
Pikuchin,Seraphy-chan
MLPFrost,CharlotteArtz nijikawai Crystal--Boi
OrangenKunst,ChiRozu
AcrylicSurf,Nanuukk StarJita runandwine DrakynWyrm Aenyk BeetleInABottle spannks 2aftermeridian
October-Owl,neritiq DrakynWyrm lcystarz Mogire rollingpoly
ShinyRaii,ChiRozu Ramyuun Plush-Lore MikoDiin zea-bruh Deniz-Shy Sleepy-Mia decamet myAngeltears Hime-pyon cudlil
RizaHarmona,DrakynWyrm October-Owl Sage-2018 Lori-Lori-Chan
Ezekuro,ZaveKey TheRebelPhoenix Icymiiru
maikasenpai,CherrysDesigns Myaruu SushimiTsukimi rollingpoly
RileyCasper,Ruanly UnseenRealms LovellaTorendo Bhealltainn
Moonsii,PocketOfStarz maikasenpai Cofee-Love reznor666 Myaruu Seraphy-chan uomiii
DivinityEclipse,Drasayer
TsukitheKuma,Seraphy-chan
yipyipbrrring,Nanuukk mony0487 WithoutCommonSense amiqu Candy-Witch aisutime Rianne2k8 s-k-i-e-s
Rinnocent,Awkie
Devinodon,runandwine SofiMXD JACARIUS ChaiFoxi
Chii-Dan,you-may-call-me-meme Xiaochii
FerooJaws,MeganWintersx arcanid boy-kisses KhuraYatoxX Pikanite Seraphy-chan Deniz-Shy EinnhardeR Vixenniru Tuliblu solcii-chan Teslarossa ChaiFoxi 2aftermeridian
CaptainIronHawk,arcanid PurpleMistPepper Misuzee
MadamTea,Ramyuun Katzyrine CherrysDesigns Sa-Dui
RiverRekt,neritiq DrakynWyrm Cani-bal
Carmen-OtakuGamer,Vicle-chan Myaruu ItaSlipy GirlCrepyYandere
Diegoutetsuma,WanderingLok ReblLily CookieSharkArts XFuyu-YumeX 666-Sina-666 reznor666 ituks Myaruu Grimmijaggers octosexbang Rikunni MilkPore TreePencil L3Moon-Studios kouriiko VGBNEM Wolfgalaxys floofufo Kureiyah neritiq Vixenese Teslarossa RatQween rollingpoly enmoire xNeferpitoux StarJita Sniv-The-Unworthy Sardrellas Kimopoleis Deniz-Shy Creaciones-Jean HaruMiiu Ranpuru XxArturoJuliboxX decamet BananaStarx VileBile DeeForce Kattsura S-Siyala Ruanly Frosticee BeetleInABottle The-Queen-of-Solace Shueren orrionstar Gekigengar SushimiTsukimi adorablysquish Candy-Witch Rianne2k8
Vixenese,ChiRozu kouriiko Seraphy-chan Deniz-Shy Candy-Witch Aubergine100
Neon--Stylus,Kittybellgamer Sleepy-Mia Arienee-Chan
Notticus,Nanuukk aes0 Cani-bal CaptainIronHawk badazal
Cani-bal,Nanuukk RiverRekt DrakynWyrm JACARIUS DepartedDoe VileBile
Kuri-Nyann,enmoire xNeferpitoux lisbeeth Sardrellas EmmieStitch Zimoshi NomarRubi RSNVaine Ranpuru Fumikuru Hime-pyon ChiRozu Ria-Kisaragi27 CreativeMissy Myaruu Minaru-Art Sa-Dui Naymechan Vestigance cudlil DestinyStarz SirPon Airienne kouriiko Balletsu ayamescarlet floofufo brigadierrPG FireTsuki SushimiTsukimi rollingpoly
NecroPlanter,Mikaru-Blackspade Carsote XxArturoJuliboxX Candy-Witch iikwa Rianne2k8
niiqht-litten,MaiChanQAQ Cloud-Fly CharlotteArtz StarMasayume Niti-Pon chimkoe Seraphy-chan TheRainbowPonyKitty starrylight45589 MissDiealot LyricGemVA Ramyuun Cofee-Love TheRebelPhoenix nijikawai Manga124 sinqingbirds
DandereOtakyu,pikinipiki YuriqueS rollingpoly lunacybunny
PhantomystiqueArt,runandwine
TheOnlyMoosen,TOMMI-W runandwine aes0 SofiMXD JACARIUS astrologicaI sootle 0PieceOfCake0
NerdtleLovesArt,otakulane
FriskyChan,maikasenpai Sleepy-Mia
alphashadowdragon,Nanuukk DeeForce arcanid BloodLover2222 Cippy21 susiedragon cat-of-the-unreal BlueKoi-Png Rainbow-RiseOwO The-Queen-of-Solace CloudedLullaby Wolfgalaxys Kit-sunebi HaruMiiu Skyriazeth blackbirdeast TheRebelPhoenix doodlebug-tori catt-uccino White-Tailed-tres AcrylicSurf 0-Bluejay-0 ChaiFoxi spannks Rianne2k8 VileBile
DerrickButler07,DrawItWriteIt Sorex-And-HikameRose StarJita Sardrellas holidayturkeyy Celuthien Kimopoleis LSPcosplay Sleepy-Mia Antisapien Heartcrocher uomiii KJsPlace ChiRozu shoemin XxArturoJuliboxX Pikuchin Grimmijaggers Vestigance LordRabbid DahriAlGhul TreePencil BachLynn23 thunderstorm210 heartkey101 Qube-Core Kom422 Rainbow-RiseOwO The-Queen-of-Solace CloudedLullaby constellationtears JivvySixTeen JazzaX KouriTheHedgehog UnseenRealms SushimiTsukimi vanndra WitcheressWoxy Teslarossa MissOIi
Antisapien,SirPon CharlotteArtz XxArturoJuliboxX obake-the-sincere Creaciones-Jean RedCurruption Artistic-Lights DerrickButler07 DidoArt12 xHoshiGalaxyx valloria
Nagisa-Haru,L3Moon-Studios
CookieCatCrazie,SiilentRain
artisticallystrange,Sonic-bases-4ever hachissu aisutime
TorikatoD,Icymiiru decamet
nijikawai,TreePencil JivvySixTeen Skyriazeth Sonic-bases-4ever Blurasxbery TheRainbowPonyKitty Manga124 BronyCooper Juli-Leysson Stjarnamenne TheRainbowGod Smoq-Bomb
crcarlosrodriguez,elicoronel16
hachissu,rollingpoly
poppy-opium,Ramyuun Hikerumin VileBile aireeine
DeeForce,MiladyDiamond-Beatz Frostdance89 Fluershy123 sakuyasworld alphashadowdragon CloudedLullaby orrionstar you-may-call-me-meme Zair0 pikinipiki nerdermily Candy-Witch z3p0chicken
S-Siyala,Pyoco CrimsonCommande pikinipiki Kattsura CherrysDesigns misty-mellow12 DiWine-Waro Say0chi Fumikuru Nestly
Ruanly,EnOfTheWorld Oscorix RileyCasper Smileyfacestar ColoradoPeaks TwistedTrickster97 Qube-Core DepartedDoe Drasayer PromiseWoodStables implike badazal Ramyuun CherrysDesigns Lupita-Idis Selunna xIcepelt LovellaTorendo riggystix Bhealltainn Razei-kun Rikunni moosethief UnbornLegacyArt
Airienne,kouriiko Myaruu LoliNoel Kuri-Nyann
Midnight-Designed,TheWinterBunny PrincessSkyler
Cookie--Bear,Carsote MissDiealot Whiskers901 you-may-call-me-meme
Frosticee,Sorex-And-HikameRose WingLightWolf Oikaii xKurochii MACINTOSHPIUS Rianne2k8
KaawaiiKiwi,ChiRozu Kattsura Myaruu Seraphy-chan hachissu decamet HaruMiiu rollingpoly Rianne2k8
NarnianHobbit,StarMasayume Sa-Dui
J0sadorf,Cr1t1calHershey MissDiealot EinnhardeR debrodis
Dongtra-maochan,decamet Airi-Deviantart Ranpuru CookieSharkArts myAngeltears Rianne2k8
Shueren,enmoire Icymiiru Seraphy-chan Tuliblu Deniz-Shy isacrae Xiaochii
TheGoldenSunsetAJ,jayseskimo Ramyuun October-Owl mr-tiaa Whiskers901 Nestly
surprisewolf,Sa-Dui
Chesh-Syn,TOMMI-W Plush-Lore Tuliblu rollingpoly Xiaochii
SpoopyMemeyBook,ChrissandraAndHearty
Katzyrine,Vicle-chan DessartWorks Vestigance
SlichoArt,Midnight-Designed marcosnogueiracb
ArtySoul2,MeganWintersx StarJita L3Moon-Studios Vicle-chan KhuraYatoxX VoidBurn YattaMutt FerooJaws EinnhardeR CaptainNinjaPants SkywaySky ChiRozu Vixenniru PrincessSkyler Teslarossa AnnA8448 debrodis
Othellys,Sephiroth-Art
moontrance123,Nanuukk DrawItWriteIt TreePencil shoemin heartkey101 Shiizacz Candy-Witch KittyRosali BreadChunkk Rianne2k8 Whiskers901
Maximations,ChiRozu deertzto Cippy21 xKurochii Seraphy-chan Poromii cudlil uomiii
Airi-Deviantart,marcosnogueiracb Candy-Witch The-Queen-of-Solace myAngeltears
Mogire,DeeForce aes0 DrakynWyrm Sage-2018 CookieSharkArts Artemiie Lyime neritiq Plush-Lore ZoeTaylorAdopts Razei-kun Candy-Witch Rianne2k8
Akuno-chan,TreePencil Nanuukk StarJita runandwine Niti-Pon DrakynWyrm Devinodon MH-Nova qeorqia sakkali HasnaGahayu13 TOMMI-W SofiMXD Hiiroki Candy-Witch Rianne2k8
MangoKittyCat,Plush-Lore llEttell chimkoe Leahlinn
jyeeditosab,swxt-moon StarJita arcanid AnyQu33n VoidBurn CookieSharkArts sunlovesthxmoon PaoTiniEditions n-i-k-n-a-k Soph-art-lover shoemin ituks XxArturoJuliboxX octosexbang wondxful-lies MilkPore ibest-flxwers DeeForce Quickman012 I-Am-A-Silver-Lining Rainbow0112 Alindraws FuckMeBitchPerfect YoeComeGalletas Phoenix-Alikan Rukia-Sempai Lori-Lori-Chan xlightdreams DreamLigthsOfAny Vixenese SofiMXD Candy-Witch StylesonhoranEdition
Cacaa-chan,TreePencil Carsote Kattsura YuriqueS heartkey101
UnbornLegacyArt,Ruanly LovellaTorendo drowsydoe Bhealltainn Drasayer badazal
DrawItWriteIt,Ramyuun nijikawai thunderstorm210 Miss-Symph-0x0 BronyCooper Streak-set-Paints aya-sara
Frostdance89,holidayturkeyy qhostiecat xKurochii DanuuArt Deniz-Shy Sleepy-Mia Armethyle alphashadowdragon Juli-Leysson CosmicColours Wolfybytes HaruMiiu jayseskimo Yumanai xIcepelt nijikawai Honig-Biene KariHobinetti Kittybellgamer Sa-Dui MilkPore Miouaa cudlil TreePencil DeeForce dooq-teeth thunderstorm210 Leahlinn DrakynWyrm Seraphy-chan vegetagirl9000 The-Queen-of-Solace BlueWolfieART Metaphorical-Wh0re lunacybunny mr-tiaa Awkie CherrysDesigns RiverRekt ChaiFoxi Rianne2k8 derpycanine
Bunikoo,MaiChanQAQ Carsote KhuraYatoxX thunderstorm210 Seraphy-chan Creaciones-Jean heartkey101 levellove Juli-Leysson The-lost-kuchiki aisutime BlueWolfieART Ramyuun deertzto nijikawai Kittybellgamer Underfeels-AU Honeybuzz01 Sayo-Ink ChaiFoxi VileBile
WinnieMouse,Nanuukk BotCp octosexbang Candy-Witch Rianne2k8 KJsPlace
HolySpessartite,Oscorix Tuliblu
Wolfybytes,SevenWhiteRoses
koimonster22,LunchboxFrank
Misuzee,runandwine DepartedDoe
Noahsnowy-y,Frostdance89 Oikaii Bonnie078 Rohvanah The-Queen-of-Solace
uomiii,TheWinterBunny Seraphy-chan plqnetmars nyalls floofufo Orbitual nijikawai SofiMXD 0-Bluejay-0 solcii-chan MissOIi ChaiFoxi cudlil 2aftermeridian
Serpede,shi-bu-shi MilkPore ChaiFoxi
XxRebyTheCatxX,DrawItWriteIt Marielle-HighScream VoidBurn thunderstorm210 Candy-Witch aya-sara Teslarossa rollingpoly Rianne2k8 SkywaySky Hime-pyon
Fable-Paradox,Ramyuun CharlotteArtz arcanid Plush-Lore MACINTOSHPIUS Bonnie078 aisutime floofufo
RinaChanny,Cofee-Love Carsote Deniz-Shy ItaSlipy rollingpoly
TheRebelPhoenix,Ezekuro BloodLover2222 Dans-Mind WingLightWolf SansXYugioh niiqht-litten Leahlinn TwistedTrickster97 xXWindflowerXx BronyCooper iikwa CosmicColours PrincessSkyler Itacls CharmysARPG Kitty-Karma perodiablo LunchboxFrank MangoKittyCat xHoshiGalaxyx
polar1303,raumzeitkontinuum
Myaruu,aurenbunni EmmieStitch xKurochii Vicle-chan DandereOtakyu Deniz-Shy RSNVaine SkywaySky Hime-pyon uomiii ChiRozu TorikatoD pikinipiki Yumanai Minaru-Art Honeybuzz01 MilkPore Iku-Aldena Vestigance Carsote Airienne L3Moon-Studios kouriiko Rinitoruu Icymiiru Niti-Pon Seraphy-chan levellove lunacybunny Awkie Katzyrine YuriqueS Tuliblu isacrae Hikerumin Candy-Witch RageSiren helminths Kuri-Nyann
VelvetOpal,sweetie-madiselle TheWinterBunny Balletsu WingLightWolf octosexbang solcii-chan
Freedombay,thunderstorm210 Alindraws
SilverSwirls15,Pegasister4eternity BronyCooper
totalrandomusername,neritiq Rainbow0112 Drasayer
Viperwings,Nanuukk Sephiroth-Art Creaciones-Jean Sa-Dui Candy-Witch Crownos Rianne2k8
PigeonCalendar,heartkey101
Quickman012,StarJita Fable-Paradox Rainbowcystal VoidBurn Alindraws SofiMXD flickeroriginator
Rainbow0112,Carsote Selunna Sleepy-Mia Candy-Witch The-Queen-of-Solace
mlplover845,L3Moon-Studios
Rinworks,Sa-Dui
Kom422,L3Moon-Studios
starrylight45589,CharlotteArtz niiqht-litten BronyCooper TheRainbowGod Scarlett-Houston
CreativeSoal,EnOfTheWorld Ramyuun Ambarnaza CherrysDesigns neritiq CrashinWaves Rikunni Cani-bal Mogire mr-tiaa CookieCatCrazie qeorqia
ayamescarlet,Vicle-chan Iku-Aldena
KittyRosali,arcanid xKurochii Aenyk Juli-Leysson sootle Noahsnowy-y uomiii jayseskimo Plush-Lore Kiwiaka cudlil DeeForce Shrillard Wolfgalaxys aisutime BlueWolfieART Lori-Lori-Chan sakkali Awkie Totoro-Draws neritiq Notticus moontrance123 MissOIi ChaiFoxi squidshy
TheCreatorsEye,polar1303
Say0chi,SonicoGFX
you-may-call-me-meme,DeeForce StarJita ZaveKey Carsote Cookie--Bear kouriiko misty-mellow12 Chii-Dan Xiaochii Chesh-Syn n-i-k-n-a-k nerdermily Rushlan adorablysquish Candy-Witch MilkPore
SnickerChan,XxArturoJuliboxX Minaru-Art Manga124 EinnhardeR GlittterificStud
Cofee-Love,Cloud-Fly arcanid Seraphy-chan Deniz-Shy BronyCooper lunacybunny Xiaochii ChiRozu Fizzyfiz-fiz RinaChanny HiimePyon nijikawai Myaruu rollingpoly
StaphItNow,Plush-Lore
KenryChu,Celuthien Kureiyah
rainjello,enmoire Awkie Ezekuro CherrysDesigns gauzhi Moonsii yoniku Seraphy-chan Tuliblu MilkPore lunacybunny Hime-pyon
CharmysARPG,Nanuukk JACARIUS Misuzee Cani-bal
mariacutte,kobbii
ArtloverrArts,Totoro-Draws thunderstorm210 Candy-Witch The-Queen-of-Solace CookieSharkArts Rianne2k8 TIWWYNEO
Teslarossa,Pyoco Sonic-bases-4ever VoidBurn YattaMutt Deniz-Shy EinnhardeR SkywaySky ChiRozu Marielle-HighScream HiimePyon XxArturoJuliboxX octosexbang MeganWintersx Carsote boy-kisses FerooJaws spaced---out CaptainNinjaPants Smoq-Bomb KouriTheHedgehog Vixenniru PrincessSkyler ArtySoul2 Hilent debrodis
helminths,Awkie Eti-blanca xKurochii Seraphy-chan Tuliblu Deniz-Shy Hime-pyon
debrodis,EinnhardeR
flickeroriginator,Dysphoriyl Quickman012
TIWWYNEO,MaiChanQAQ Nanuukk StarJita ZaveKey chimkoe VoidBurn Alindraws Sleepy-Mia MegaNE-KO EinnhardeR CookieSharkArts Fizzyfiz-fiz shoemin PrincessSkyler XxArturoJuliboxX Gekigengar yoniku Sa-Dui Shiizacz Candy-Witch Rikunni RatQween Rianne2k8 Nestly
JunHoKa,Sa-Dui
PocketOfStarz,arcanid llEttell boy-kisses DrakynWyrm BeetleInABottle rooklinqs Sage-2018 Artemiie aireeine jayseskimo neritiq CrashinWaves ZoeTaylorAdopts Tuliblu October-Owl 0-Bluejay-0 solcii-chan 2aftermeridian OceanCatSpirit cudlil
hellosiste,TreePencil StarJita DeeForce CharlotteArtz Cloud-Fly BloodLover2222 thunderstorm210 DrakynWyrm Flying-Hamburgers26 Rainbow-RiseOwO BronyCooper Wolfgalaxys CookieSharkArts uomiii XxArturoJuliboxX KA0980Kawaii octosexbang VileBile cudlil
EmmieStitch,EyAssyria Celuthien Queen-RooniiSuu Seraphy-chan lunacybunny StarryM00nlight ChiRozu HiimePyon Myaruu Minaru-Art Hikerumin Kuri-Nyann rollingpoly Mimyoi DestinyStarz
alexia99hunter,RizaHarmona scarlet--shade arcanid DrakynWyrm
Fluershy123,DeeForce Soph-art-lover Mlp-Adict Alindraws Candy-Witch CookieSharkArts
Deniz-Shy,ShinyRaii Rinitoruu miiudesu Seraphy-chan LoliNoel spaced---out lunacybunny orrionstar Hime-pyon Awkie Cofee-Love xwanwan smolboii HiimePyon Myaruu Tuliblu Hiiroki Hikerumin Teslarossa helminths rollingpoly DestinyStarz
d-rukqs,StarJita DeeForce WingLightWolf MACINTOSHPIUS plqnetmars DerrickButler07 xGalaxy-Purple CookieSharkArts nyalls UndertaleMewtwo reznor666 catt-uccino DidoArt12 solcii-chan Rianne2k8 cudlil
xXWindflowerXx,CrashinWaves ClutterCluster DidoArt12 CloudedLullaby Rianne2k8
HaruMiiu,xKurochii Seraphy-chan rollingpoly Hime-pyon
iikwa,aurenbunni NeonApples xKurochii Myaruu aya-sara rooklinqs NecroPlanter
CuzImaJellyfish,Notticus LunarStuffz
TheRainbowGod,Frostdance89 niiqht-litten Tyleroni Crystal--Boi pollytypolly nijikawai KariHobinetti KA0980Kawaii MaiChanQAQ DeeForce MiladyDiamond-Beatz Carsote CharlotteArtz WingLightWolf thunderstorm210 TheRainbowPonyKitty BronyCooper starrylight45589 Wolfgalaxys Cofee-Love Mina-Chaan Blurasxbery elicoronel16 SushimiTsukimi Candy-Witch Rianne2k8
aireeine,TreePencil PocketOfStarz Ambarnaza Elemeda arcanid Pegasister4eternity nyalls SiilentRain KouriTheHedgehog nijikawai Oikaii Streak-set-Paints MissOIi ChaiFoxi Sayo-Ink
TimekeeperJ,Katzyrine
PaoTiniEditions,Nanuukk swxt-moon mony0487 AnyQu33n FuckMeBitchPerfect The-Queen-of-Solace YoeComeGalletas sunlovesthxmoon Rukia-Sempai NatyEditions25 xlightdreams DreamLigthsOfAny AppleEditions15 ituks wondxful-lies anaedicionsnCR Candy-Witch jyeeditosab
Ryu-seki,Seraphy-chan Poromii ItaSlipy Candy-Witch Rianne2k8
KA0980Kawaii,WingLightWolf nijikawai thunderstorm210
Mysti-S,Sephiroth-Art VelvetCookiesRed ameshin
Alasmay,StarJita Sa-Dui iZince
ClutterCluster,Plush-Lore Leahlinn sweater-shibe eggroII aisutime spannks
RedDrawsStuff0-0,CharlotteArtz KenzieLuv30
nonahexe,maikasenpai
solcii-chan,NintenCatherine maikasenpai SimplyPixelizing WingLightWolf P--ara d-rukqs Frinti CookieSharkArts JazzaX kobbii mariacutte Rianne2k8 xHoshiGalaxyx Nestly
Naymechan,pikinipiki Soph-art-lover Niti-Pon xKurochii Queen-RooniiSuu Sleepy-Mia Sa-Dui Kanomatsu Iku-Aldena Kuri-Nyann lunacybunny
DestinyStarz,enmoire Honey-Doodle Seraphy-chan Deniz-Shy PrattyVee Kanomatsu Say0chi Fizzyfiz-fiz Minweln YuriqueS HoneyDoodlez adorablysquish Hikerumin Candy-Witch Honeybuzz01 Kuri-Nyann
Kattsura,enmoire StarJita Celuthien deredrosid Juliet-Veil VoidBurn MissKammi HaruMiiu Ranpuru CookieSharkArts Heartcrocher ChiRozu pikinipiki blackbirdeast Plush-Lore reznor666 nerdermily XxArturoJuliboxX RedCurruption Rikunni TreePencil BlueStarandBlackShot DeeForce L3Moon-Studios S-Siyala kouriiko WingLightWolf Alindraws deidara1444 KaawaiiKiwi K-enopsia Phoenix-Alikan rooklinqs orrionstar CrimsonCommande miss-alchemist YuriqueS Diegoutetsuma SushimiTsukimi Razei-kun Candy-Witch Hilent rollingpoly Rianne2k8 Cacaa-chan
Carsote,xKurochii ameshin KhuraYatoxX FoxMuppet Bunikoo Atimmi Sleepy-Mia SkywaySky XxRebyTheCatxX RinaChanny Fable-Paradox mei-star Eti-blanca HiimePyon Myaruu yoniku Kittybellgamer karlena1997 Manga124 Honeybuzz01 Iku-Aldena Mimyoi ibest-flxwers MaiChanQAQ Ezekuro MiladyDiamond-Beatz Rinitoruu panamatsu Moonsii Rainbow0112 Honey-Doodle DivinityEclipse FerooJaws lunacybunny floofufo you-may-call-me-meme Kureiyah Awkie Choklit-Cookie Vixenniru Teslarossa helminths SuperAceheroic rollingpoly debrodis NecroPlanter enmoire Sorex-And-HikameRose EmmieStitch Zimoshi DanuuArt EinnhardeR dashina-many TheRainbowGod Hime-pyon MilkyMoon13 TorikatoD ArtWeazel deertzto smolboii nijikawai zea-bruh Minaru-Art Miouaa pinku-me DestinyStarz CharlotteArtz Oscorix May-Senpi Cookie--Bear Niti-Pon heartkey101 YoeComeGalletas Rukia-Sempai Natka778 chrislittle TOMMI-W Skyriazeth Rainbowcystal Itacls PrincessSkyler Blurasxbery Candy-Witch PenPal-Olive Akuno-chan Cacaa-chan
boyf-riends,Nanuukk MACINTOSHPIUS catt-uccino
DessartWorks,Vicle-chan
sonyasoniclover12,AlexaXVMichaelis
CloudedLullaby,DeeForce MikoDiin Tuliblu alphashadowdragon aya-sara rollingpoly
pirhana4,TreePencil Ezekuro Myaruu Seraphy-chan
BlueWolfieART,runandwine xAgnar Astrokiwi
Minweln,Hime-pyon
CrimsonCommande,ArtWeazel CherrysDesigns
JazzaX,C2iNk L3Moon-Studios TOMMI-W Sa-Dui mr-tiaa sakkali
Skyriazeth,Mikaru-Blackspade Rinitoruu Underfeels-AU Sa-Dui MissDiealot
PrincessAmunet,lisbeeth Balletsu Rinitoruu Niti-Pon zea-bruh Candy-Witch Kanomatsu
Janedrawings,Cloud-Fly
drawingnerd1111,Vicle-chan Seraphy-chan Miss-Symph-0x0 ItaSlipy helminths lunacybunny
Candy-Witch,aurenbunni Celuthien PixyPersephone Sleepy-Mia Kanomatsu Wolfybytes iikwa MH-Nova Hime-pyon Myaruu zea-bruh MilkPore SirPon TreePencil ZaveKey Rinitoruu Niti-Pon Seraphy-chan lunacybunny Katzyrine PrincessAmunet rainjello Blurasxbery Tuliblu adorablysquish rollingpoly
z3p0chicken,KokoDrooodle DeeForce Plush-Lore MilkPore aisutime mr-tiaa cudlil
PenPal-Olive,TreePencil EinnhardeR debrodis
derpycanine,VoidBurn catt-uccino Candy-Witch Turned-At-Dusk cudlil
