source,target
Uncle-Scratchy,PukeChrist
capncraka,Astralseed
electricjonny,BarryKiddPhotography
electricjonny,KariAnnLax
electricjonny,Marker-Guru
electricjonny,parliamentFunk
electricjonny,rayvinazn
electricjonny,rotane
electricjonny,Sting1
noir,jark
knock,blackice
knock,dinyctis
knock,ninjabrick
knock,picard102
knock,splat
knock,voodoo-prophet
kReEsTaL,aleksandra
kReEsTaL,Eireen
kReEsTaL,Paula-Rosa
copperrein,Astralseed
copperrein,JenFruzz
copperrein,YouInventedMe
Little-Vampire,ananasjihad
Little-Vampire,anjules
Little-Vampire,CynthiaCynical
Little-Vampire,Helewidis
Little-Vampire,hexentanz
Little-Vampire,isabelucha
Little-Vampire,scarletwave
Little-Vampire,scrapsaurus
Little-Vampire,Sting1
Little-Vampire,switchbladeserenade
Little-Vampire,Xerces
MinorKey,alienhead
MinorKey,darkcrescendo
MinorKey,ndifference
MinorKey,PoeticWar
OneFreeInternet,IanStruckhoff
OneFreeInternet,LOVEintheSNOW
OneFreeInternet,paellamagi
OneFreeInternet,Rahll
memod,janaschi
memod,MichaelMagin
memod,mynti
peskaa,ainslaight
peskaa,ananasjihad
peskaa,disintegration
peskaa,goodbyejulia
peskaa,newklear
radiositysg,bananasontoast
radiositysg,bzed
radiositysg,De-Profundis
radiositysg,fluffy
radiositysg,furryphotos
radiositysg,walloftruth
radiositysg,Zeros-Elipticus
IceXDragon,Eitvys200
karemelancholia,Eireen
karemelancholia,Helewidis
karemelancholia,ImaginedMoments
karemelancholia,MonicaMarinho
oilsoaked,dust-bite
oilsoaked,FrockTarts
oilsoaked,JZino
oilsoaked,LostKitten
Evil-e33,davincipoppalag
Evil-e33,hellfirediva
Evil-e33,IreneLangholm
Evil-e33,jdrainville
Evil-e33,JillAuville
Evil-e33,KariAnnLax
Evil-e33,WaitingForTheWorms
MumblingIdiot,pacman23
MumblingIdiot,vmbui
dazza1008,parallellogic
darkmoon3636,ChaosEmeraldHunter
darkmoon3636,Gomotes
darkmoon3636,JoshClarkeDraws
darkmoon3636,Lakaia
darkmoon3636,ninjabrick
darkmoon3636,Spoolaroo
CrisVector,Aeires
CrisVector,alphakx
CrisVector,animator
CrisVector,Artgerm
CrisVector,ChewedKandi
CrisVector,depthskins
CrisVector,IllustratedEye
CrisVector,JuliaDunin
CrisVector,mydeadpony
CrisVector,silentkitty
CrisVector,sirspy
amolerouth,ainslaight
amolerouth,dinyctis
amolerouth,mick-mick
amolerouth,phae
amolerouth,renonevada
amolerouth,voodoo-prophet
amolerouth,wordlesswhisper
sanguru,2mo
sanguru,aelis
sanguru,Insignificant-Other
sanguru,jsenn
sanguru,killjoy
sanguru,orbital
zephyrkinetic,ainslaight
zephyrkinetic,pickledeer
fuzzydemon,b33lz3bub
fuzzydemon,cynic
fuzzydemon,dj-designs
fuzzydemon,eolhc
fuzzydemon,GoblinQueeen
fuzzydemon,halfliquid
fuzzydemon,hesitation
fuzzydemon,jackdirt
fuzzydemon,olya
fuzzydemon,splat
fuzzydemon,switched
fuzzydemon,thrawn
fuzzydemon,weaponzero
rebelchic,kindred
Kendra-Paige,Minato-Kushina
Kendra-Paige,Riemea
Kendra-Paige,TehAngelsCry
ipholio,depthskins
ipholio,mhalpert
Adelaida,arwenita
Adelaida,cocinando-colores
Adelaida,SqueakyToybox
Adelaida,trenchmaker
bananasontoast,radiositysg
phae,amolerouth
phae,dinyctis
phae,flameturret
phae,jasonvelocity
phae,kronix
Joey-Zero,j3concepts
Joey-Zero,pacman23
Joey-Zero,shawkash
Joey-Zero,turn2002
mooncalfe,loish
mooncalfe,ursulav
mooncalfe,Yamino
DEVlANT,20after4
DEVlANT,astarbuck
DEVlANT,Droneguard
DEVlANT,geckokid
DEVlANT,gimmyfood
DEVlANT,mhalpert
DEVlANT,parallellogic
DEVlANT,Pyritie
aleksandra,Eireen
aleksandra,kevissimo
aleksandra,kReEsTaL
aleksandra,larafairie
aleksandra,missmisery
aleksandra,myheadphones
aleksandra,SeaFairy
aleksandra,TheTragicTruth-Of-Me
aleksandra,x-horizon
Thiefoworld,alexandrasalas
Thiefoworld,cakecrumbs
Thiefoworld,JenFruzz
Thiefoworld,Majnouna
Thiefoworld,Shue13
CrumpetsHarvey,AbCat
CrumpetsHarvey,HaveTales-WillTell
CrumpetsHarvey,ndifference
CrumpetsHarvey,PinkyMcCoversong
CrumpetsHarvey,PoeticWar
CrumpetsHarvey,SparrowSong
CrumpetsHarvey,zebrazebrazebra
Nicasus,Branchewski
drownsoda,l8
drownsoda,turn2002
drownsoda,voodoo-prophet
tilq,anzeversnik
TimTownsend,DanSchoening
TimTownsend,Devilpig
TimTownsend,diablo2003
TimTownsend,LeSeanThomas
TimTownsend,pacman23
coolmarvin,Clair
coolmarvin,poisonedrose
coolmarvin,Rubycored
rain1man,cweeks
rain1man,equivoque
TerrorCookie,Abfc
TerrorCookie,AndyGassner
spunj13,jsenn
spunj13,kgcreative
spunj13,klf
Sya,Paula-Rosa
Sya,rougeux
Sya,scottb
Sya,tatasz
bornghost,cloude
bornghost,switchbladeserenade
bornghost,wolfsax
margotdent,astarbuck
margotdent,OracleErin
ritzcrackaa,imogene
ap-graphik,fediaFedia
BrooklynTurbo,sergibosch
gimmyfood,AaronBradford
gimmyfood,DEVlANT
gimmyfood,hb
spiritsighs,anaRasha
spiritsighs,Bloodredsangre
spiritsighs,Cosmopavone
spiritsighs,Eireen
spiritsighs,RetroZombie
spiritsighs,shawkash
JillAuville,DpressedSoul
JillAuville,Evil-e33
JillAuville,myrnajacobs
JillAuville,PukeChrist
vmbui,DanielaUhlig
vmbui,MumblingIdiot
vmbui,pacman23
vmbui,thienbao
vmbui,thundercake
SRSmith,Ahavati
SRSmith,alienhead
SRSmith,annajordanart
SRSmith,ATrue
SRSmith,darkcrescendo
SRSmith,FuzzyHoser
SRSmith,GeneratingHype
SRSmith,GunShyMartyr
SRSmith,ndifference
SRSmith,Paula-Rosa
SRSmith,salshep
chosenone-,cooper
saintartaud,disintegration
saintartaud,salshep
Anathematixs,Suzanne-Helmigh
JuliaDunin,CrisVector
JuliaDunin,TheTragicTruth-Of-Me
JuliaDunin,Tommy-Noker
JuliaDunin,x-horizon
mynti,alienhead
mynti,just-is
mynti,memod
mynti,newklear
mynti,reiiz
Staged,cweeks
Staged,tanya-n
Eireen,aleksandra
Eireen,anaRasha
Eireen,Cosmopavone
Eireen,karemelancholia
Eireen,kReEsTaL
Eireen,lockstock
Eireen,spiritsighs
Eireen,Sugargrl14
Eireen,zancan
SeaFairy,aleksandra
SeaFairy,devilicious
SeaFairy,Gonzale
SeaFairy,northengirl
Gonzale,coxi
Gonzale,cweeks
Gonzale,SeaFairy
Gomotes,ChaosEmeraldHunter
Gomotes,darkmoon3636
Gomotes,Droneguard
Gomotes,Mrichston
duhcoolies,Bobby-Sandhu
duhcoolies,depthskins
duhcoolies,evilsyndicatemember
mydeadpony,CrisVector
mydeadpony,cyphixation
mydeadpony,ka-os
mydeadpony,Senecal
mydeadpony,x0rcist
endosage,bbor62
endosage,Leelor
endosage,TharBeVikings
loish,mooncalfe
loish,sambees
WaitingForTheWorms,cdaile
WaitingForTheWorms,davincipoppalag
WaitingForTheWorms,DWALKER1047
WaitingForTheWorms,Evil-e33
WaitingForTheWorms,hellfirediva
WaitingForTheWorms,myrnajacobs
fartprincess,szlosek
yashachan,switchbladeserenade
yashachan,Zeros-Elipticus
utro,kgcreative
utro,nonculture
utro,pantopicon
utro,tzen
the-spifster,4g10
the-spifster,d1st0rt3d
the-spifster,desertpenguin
the-spifster,dismarum
the-spifster,myheadphones
the-spifster,picard102
the-spifster,voodoo-prophet
devilmech,devilmech
devilmech,kronix
devilmech,leloops
devilmech,p-51
ClaireJones,CygX1
ClaireJones,larafairie
ClaireJones,Phoenix-22
anzeversnik,darkphoenix
anzeversnik,tilq
Artsy50,VianaArts
shadowhand,aMoniker
shadowhand,lendrick
shadowhand,orbital
shadowhand,samshull
shadowhand,szlosek
shadowhand,w00zy
shadowhand,xraystyle
FionaCreates,Astralseed
FionaCreates,FarDareisMai
FionaCreates,isoldel
FionaCreates,Majnouna
FionaCreates,Mistress-Jaeden
tanya-n,bQw
tanya-n,Rushy
tanya-n,Staged
tanya-n,straightfromcamera
eilidh,Dianae
eilidh,Majnouna
eilidh,spyroteknik
azarath,Damaged927
azarath,hokuto
nenina,disintegration
nenina,temoc
dygel,alteredreality
dygel,blackice
dygel,iMike
dygel,voodoo-prophet
depthskins,CrisVector
depthskins,duhcoolies
depthskins,ipholio
depthskins,vayabobo
pixelphreak,b33lz3bub
pixelphreak,brandonalderson
pixelphreak,iamall
pixelphreak,nuvem
danielzklein,alienhead
danielzklein,GunShyMartyr
danielzklein,moeffju
treijim,Astarsia
monatorgersen,AnaNaszynska
monatorgersen,BenHeine
monatorgersen,IreneLangholm
monatorgersen,mothnode
nocaed,Josh
nocaed,melodymaker
nocaed,runboy82
Zombiesmile,elsevilla
Zombiesmile,janaschi
Zombiesmile,pyros
salshep,ainslaight
salshep,alienhead
salshep,darkcrescendo
salshep,GunShyMartyr
salshep,MSJames
salshep,ndifference
salshep,PoeticWar
salshep,saintartaud
salshep,SparrowSong
salshep,SRSmith
bradleysays,dekorAdum
bradleysays,eawood
bradleysays,GillianIvy
bradleysays,ginkgografix
bradleysays,jane-beata
bradleysays,SanguineEpitaph
RezzanATAKOL,davincipoppalag
RezzanATAKOL,J-u-d-a-s
RezzanATAKOL,jennystokes
RezzanATAKOL,Lauraest
RezzanATAKOL,LeashaAHooker
RezzanATAKOL,MARX77
RezzanATAKOL,photofairy
RezzanATAKOL,TeaPhotography
RezzanATAKOL,xbastex
Vulcie,FractalEyes
Vulcie,Lauraest
ndifference,AbCat
ndifference,CrumpetsHarvey
ndifference,darkcrescendo
ndifference,GeneratingHype
ndifference,imperfect
ndifference,krissie
ndifference,MinorKey
ndifference,MSJames
ndifference,nonculture
ndifference,PinkyMcCoversong
ndifference,radiophonic
ndifference,salshep
ndifference,screamandsugar
ndifference,SparrowSong
ndifference,SRSmith
ndifference,YouInventedMe
OchreJelly,AthenaTT
silvein,anna
SparrowSong,Ahavati
SparrowSong,AreteEirene
SparrowSong,Battledress
SparrowSong,CrumpetsHarvey
SparrowSong,darkcrescendo
SparrowSong,GeneratingHype
SparrowSong,Iscariot-Priest
SparrowSong,Laurence55
SparrowSong,ndifference
SparrowSong,PinkyMcCoversong
SparrowSong,PoeticWar
SparrowSong,salshep
abhimanyughoshal,thekidKaos
ATrue,demonlight
ATrue,dreamsinstatic
ATrue,Iscariot-Priest
ATrue,leoraigarath
ATrue,nycterent
ATrue,Rushy
ATrue,SRSmith
Cosmopavone,Eireen
Cosmopavone,ImaginedMoments
Cosmopavone,spiritsighs
Cosmopavone,vacuumslayer
Yasny-chan,Atramina
Yasny-chan,DennisChunga
Yasny-chan,Lauraest
Yasny-chan,lindelokse
Yasny-chan,LuneBleu
Yasny-chan,MartaNael
Yasny-chan,rydi1689
Yasny-chan,suzaku009
helldragon,jark
Saimain,Dianae
Saimain,twosilverstars
Saimain,Wen-M
nutnics,xraystyle
mikepav,paellamagi
hokuto,azarath
phc,shri
Astarsia,meikahidenori
Astarsia,treijim
homedoggieo,CrimsonMagpie
keetonh,20after4
FractalEyes,Nestalgica
FractalEyes,Vulcie
radman1,catbones
radman1,mongi
radman1,roy-sac
zeroskyy,achfoo
zeroskyy,halfliquid
DarkMyth,Argocat8
DarkMyth,bigdavec
DarkMyth,Bobby-Sandhu
DarkMyth,switchbladeserenade
pantopicon,nonculture
pantopicon,utro
ZombieCoder,lepidosteus
ZombieCoder,LostKitten
ZombieCoder,Nodren
ZombieCoder,parallellogic
mirrorkills,Aeires
mirrorkills,ArtisnotanAccident
mirrorkills,DanSchoening
mirrorkills,exorist
mirrorkills,Paula-Rosa
mirrorkills,SteavieLea
Zenfilm,ElectrikPinkPirate
Zenfilm,FarDareisMai
Branchewski,Nicasus
VianaArts,Artsy50
YouInventedMe,Ahavati
YouInventedMe,copperrein
YouInventedMe,Exillior
YouInventedMe,ndifference
YouInventedMe,queenhrosie
YouInventedMe,scarletwave
asunder,asunder
asunder,zzaga
darkphoenix,anzeversnik
PizzaPotatoNBacon,Riemea
PizzaPotatoNBacon,SavageFrog
PizzaPotatoNBacon,TeaPhotography
jennipenny,PerryGallagher
jennipenny,scottb
jennipenny,serpentinekiss
jennipenny,Shy-Too-Shy
sandara,elsevilla
sandara,Exileden
sandara,Yuuza
Atramina,chutkat
Atramina,Exillior
Atramina,rydi1689
Atramina,Yasny-chan
MADmoiselleMeli,AlexandraVBach
MADmoiselleMeli,IreneLangholm
MADmoiselleMeli,J-u-d-a-s
MADmoiselleMeli,LuneBleu
w00zy,flashmind
w00zy,goodbyejulia
w00zy,shadowhand
w00zy,switched
w00zy,x0rcist
w00zy,yathosho
marble911,hellfirediva
marble911,In-Apt
marble911,sags
marble911,sixhours
rougeux,cooper
rougeux,dj-designs
rougeux,FarDareisMai
rougeux,Sya
rougeux,xero-sama
Wen-M,chutkat
Wen-M,elsevilla
Wen-M,Saimain
iamall,arc
iamall,pixelphreak
iamall,thief6
MonicaMarinho,anaRasha
MonicaMarinho,Emerald-Depths
MonicaMarinho,Helewidis
MonicaMarinho,ImaginedMoments
MonicaMarinho,karemelancholia
MonicaMarinho,NunoDias
MonicaMarinho,trenchmaker
MzzAzn,Hardrockangel
MzzAzn,Talty
Pete-B,photonig
Ahavati,poisonedrose
Ahavati,SparrowSong
Ahavati,SRSmith
Ahavati,YouInventedMe
secondmagpie,AbCat
secondmagpie,alienhead
secondmagpie,ananasjihad
secondmagpie,cooper
secondmagpie,GeneratingHype
secondmagpie,GunShyMartyr
secondmagpie,PoeticWar
secondmagpie,radiophonic
secondmagpie,Sting1
Helewidis,arwenita
Helewidis,cocinando-colores
Helewidis,InpuUpUaut
Helewidis,karemelancholia
Helewidis,kkart
Helewidis,LineBirgitte
Helewidis,Little-Vampire
Helewidis,LostKitten
Helewidis,MonicaMarinho
Helewidis,rydi1689
Helewidis,skifi
Helewidis,switchbladeserenade
Helewidis,The-Build
equivoque,cweeks
equivoque,hellfirediva
equivoque,myrnajacobs
equivoque,rain1man
equivoque,rhapsouldize
o-KOUKLA-o,CBerms
o-KOUKLA-o,LauraTex
o-KOUKLA-o,xraystyle
diamondie,demonlight
diamondie,gas13
diamondie,niwi
statichavoc,b33lz3bub
statichavoc,dj-designs
statichavoc,gas13
statichavoc,kronix
statichavoc,mick-mick
picard102,4g10
picard102,anon-y-mouse
picard102,dinyctis
picard102,dottiemaggie
picard102,knock
picard102,ninjabrick
picard102,picard102
picard102,splat
picard102,the-spifster
picard102,Zeros-Elipticus
Subversive-imaginati,demonlight
Subversive-imaginati,jasonvelocity
annajordanart,ananasjihad
annajordanart,Battledress
annajordanart,Exillior
annajordanart,geckokid
annajordanart,JZino
annajordanart,SRSmith
mnoo,cweeks
mnoo,superkev
mnoo,suzi9mm
pickledeer,ainslaight
pickledeer,breaking-reality
pickledeer,Lady-Blue
pickledeer,PukeChrist
pickledeer,zephyrkinetic
straightfromcamera,bQw
straightfromcamera,cweeks
straightfromcamera,rhapsouldize
straightfromcamera,tanya-n
vespera,FuzzyHoser
vespera,queenhrosie
vespera,RetroZombie
lithiumpicnic,PerryGallagher
dibbi,Manu-80
pwassonne,dekorAdum
coshdaddy,imperfect
coshdaddy,PoeticWar
desertpenguin,halfliquid
desertpenguin,the-spifster
arwenita,Adelaida
arwenita,cocinando-colores
arwenita,Helewidis
arwenita,meredith
goodbyejulia,jerryhazard
goodbyejulia,kentsoul
goodbyejulia,myheadphones
goodbyejulia,peskaa
goodbyejulia,w00zy
ValaSedai,ClefairyKid
ValaSedai,JenFruzz
ValaSedai,PixlPhantasy
ValaSedai,PolyMune
ValaSedai,SavageFrog
ValaSedai,Shue13
ValaSedai,Talty
chutkat,Atramina
chutkat,dapper-owl
chutkat,sambees
chutkat,Wen-M
digitalideation,jenifferlee
sasso,sasso
jdrainville,AlexandraVBach
jdrainville,Emerald-Depths
jdrainville,Evil-e33
jdrainville,LeashaAHooker
BarryKiddPhotography,Bleeding-Dragon
BarryKiddPhotography,electricjonny
BarryKiddPhotography,lonnietaylor
zebrazebrazebra,CrumpetsHarvey
zebrazebrazebra,HaveTales-WillTell
zebrazebrazebra,ninebark
zebrazebrazebra,nycterent
HaveTales-WillTell,cality
HaveTales-WillTell,CrumpetsHarvey
HaveTales-WillTell,FuzzyHoser
HaveTales-WillTell,GeneratingHype
HaveTales-WillTell,kamy-ska
HaveTales-WillTell,LostKitten
HaveTales-WillTell,RetroZombie
HaveTales-WillTell,ThornyEnglishRose
HaveTales-WillTell,zebrazebrazebra
DarkAlchemistNinja,Eitvys200
DarkAlchemistNinja,Kithanna
chewie,HeatherRivera
chewie,ninjabrick
CrimsonMagpie,bohobella
CrimsonMagpie,homedoggieo
CrimsonMagpie,littlefishey
CrimsonMagpie,LOVEintheSNOW
CrimsonMagpie,PlasticusForkus
CrimsonMagpie,Suzanne-Helmigh
CrimsonMagpie,The-Build
CrimsonMagpie,trenchmaker
Damaged927,alexandrasalas
Damaged927,azarath
Damaged927,ElectrikPinkPirate
Damaged927,hizuki24
Damaged927,KariAnnLax
Damaged927,Miss-It-Girl
Damaged927,richten
Damaged927,TouchedVenus
der-das,l-courni
ziinyu,nokari
Myangelofmusic,devilicious
photonig,hellfirediva
photonig,kkart
photonig,LeashaAHooker
photonig,Pete-B
MichaelFaber,JoelFaber
MichaelFaber,NatalieKelsey
Exillior,ananasjihad
Exillior,annajordanart
Exillior,Astralseed
Exillior,Atramina
Exillior,im-not-sana
Exillior,leoraigarath
Exillior,maytel
Exillior,MyntKat
Exillior,ninebark
Exillior,parliamentFunk
Exillior,rydi1689
Exillior,suzaku009
Exillior,YouInventedMe
cooley,JenFruzz
cooley,Katmomma
cooley,lost-angle
cooley,PixlPhantasy
cooley,richten
nemoorange,yathosho
Katmomma,cooley
Katmomma,thundercake
Katmomma,TouchedVenus
vaia,Bloodredsangre
vaia,niwi
vaia,sis
Senecal,amyhooton
Senecal,kolaboy
Senecal,mydeadpony
Senecal,myrnajacobs
Senecal,peggymintun
Senecal,spyroteknik
Senecal,Windy999
Senecal,zeruch
cooper,chosenone-
cooper,demonlight
cooper,dreamz13
cooper,eolhc
cooper,halfliquid
cooper,jsenn
cooper,klf
cooper,madcoffee
cooper,rougeux
cooper,secondmagpie
dust-bite,Hardrockangel
dust-bite,oilsoaked
dust-bite,trevg
axcy,j3concepts
MartaNael,alicexz
MartaNael,DanielaUhlig
MartaNael,ukitakumuki
MartaNael,Yasny-chan
kronix,devilmech
kronix,phae
kronix,statichavoc
luniara,sambees
Foxfires,alohalilo
Foxfires,fensterer
DanielaUhlig,alohalilo
DanielaUhlig,dahlig
DanielaUhlig,Devilpig
DanielaUhlig,diablo2003
DanielaUhlig,Dianae
DanielaUhlig,elsevilla
DanielaUhlig,HazardousArts
DanielaUhlig,janaschi
DanielaUhlig,jasinski
DanielaUhlig,MartaNael
DanielaUhlig,mehmeturgut
DanielaUhlig,pacman23
DanielaUhlig,Qinni
DanielaUhlig,thekidKaos
DanielaUhlig,trenchmaker
DanielaUhlig,ukitakumuki
DanielaUhlig,vmbui
DanielaUhlig,zancan
LeashaAHooker,davincipoppalag
LeashaAHooker,DennisChunga
LeashaAHooker,hellfirediva
LeashaAHooker,jdrainville
LeashaAHooker,Lauraest
LeashaAHooker,PerryGallagher
LeashaAHooker,photonig
LeashaAHooker,RezzanATAKOL
FallisPhoto,shagie
elsevilla,alohalilo
elsevilla,DanielaUhlig
elsevilla,Endling
elsevilla,janaschi
elsevilla,LeSeanThomas
elsevilla,sandara
elsevilla,thienbao
elsevilla,ukitakumuki
elsevilla,Wen-M
elsevilla,Zombiesmile
northengirl,SeaFairy
hexentanz,anna
hexentanz,Lady-Blue
hexentanz,Little-Vampire
AaronBradford,anjules
AaronBradford,gimmyfood
AaronBradford,hb
AaronBradford,parallellogic
mick-mick,amolerouth
mick-mick,gas13
mick-mick,halfliquid
mick-mick,Hameed
mick-mick,jark
mick-mick,p-51
mick-mick,Paula-Rosa
mick-mick,rocksicle
mick-mick,rotane
mick-mick,splat
mick-mick,statichavoc
mhalpert,DEVlANT
mhalpert,ipholio
mhalpert,megturney
mhalpert,Qulastro
HazardousArts,Artgerm
HazardousArts,DanielaUhlig
lilbittydemon,mehmeturgut
lilbittydemon,PerryGallagher
lilbittydemon,Shy-Too-Shy
Aryiea,WintersRead
ArtisnotanAccident,ElectrikPinkPirate
ArtisnotanAccident,Gashu-Monsata
ArtisnotanAccident,mirrorkills
Davenit,DivineError
Davenit,kkart
Davenit,Xerces
marcyintellect,jasinski
marcyintellect,zeruch
PixlPhantasy,cooley
PixlPhantasy,JenFruzz
PixlPhantasy,sodalicious
PixlPhantasy,ValaSedai
jasonvelocity,jasonvelocity
jasonvelocity,phae
jasonvelocity,Subversive-imaginati
bosniak,l8
the-faun,cloude
the-faun,Josh
the-faun,walloftruth
rocksicle,blackice
rocksicle,gas13
rocksicle,halfliquid
rocksicle,mick-mick
nuvem,pixelphreak
voltball,voltball
WintersRead,Aryiea
thechick14,bionikdesign
thechick14,evafleur
thechick14,Katurian
RetroZombie,AbCat
RetroZombie,Anoya
RetroZombie,dualdesigns
RetroZombie,GeneratingHype
RetroZombie,HaveTales-WillTell
RetroZombie,Iscariot-Priest
RetroZombie,MSJames
RetroZombie,Paula-Rosa
RetroZombie,spiritsighs
RetroZombie,synconi
RetroZombie,vespera
the-jafo,treetog
LOVEintheSNOW,bohobella
LOVEintheSNOW,CrimsonMagpie
LOVEintheSNOW,OneFreeInternet
x-horizon,aleksandra
x-horizon,AlexandraVBach
x-horizon,guitarjohnny
x-horizon,JuliaDunin
x-horizon,londonxpress
x-horizon,mehmeturgut
thespook,jennystokes
Kjherstin,slowdog294
evafleur,thechick14
killjoy,disintegration
killjoy,sanguru
killjoy,vayabobo
Bloodredsangre,AlexandraVBach
Bloodredsangre,anaRasha
Bloodredsangre,gorjuss
Bloodredsangre,ImaginedMoments
Bloodredsangre,IreneLangholm
Bloodredsangre,spiritsighs
Bloodredsangre,vaia
imogene,Argocat8
imogene,londonxpress
imogene,ritzcrackaa
imogene,tangledweb
catbones,radman1
Jon-Law,imperfect
Jon-Law,screamandsugar
kkart,Davenit
kkart,davincipoppalag
kkart,DennisChunga
kkart,DWALKER1047
kkart,Helewidis
kkart,hellfirediva
kkart,IreneLangholm
kkart,jerryhazard
kkart,PerryGallagher
kkart,photonig
kkart,Shy-Too-Shy
kkart,slowdog294
kkart,Tepara
kkart,trevg
kkart,TVD-Photography
kkart,Xerces
Marker-Guru,electricjonny
Marker-Guru,ElectrikPinkPirate
Marker-Guru,feawen
Marker-Guru,InpuUpUaut
Marker-Guru,jeriweaver
Marker-Guru,KariAnnLax
Marker-Guru,lost-angle
Marker-Guru,MyntKat
Marker-Guru,TouchedVenus
myraincheck,bQw
myraincheck,DpressedSoul
myraincheck,MARX77
myraincheck,photofairy
myraincheck,xbastex
alicexz,MartaNael
Gashu-Monsata,ArtisnotanAccident
Gashu-Monsata,johnpaulthornton
Gashu-Monsata,PattersonArt
evilsyndicatemember,anjules
evilsyndicatemember,duhcoolies
evilsyndicatemember,The-Build
Comrade-Kelly,ananasjihad
Comrade-Kelly,paellamagi
CygX1,ClaireJones
CygX1,NatalieKelsey
CygX1,Phoenix-22
CygX1,ToAPP
zerocomplex,anjules
zerocomplex,Argocat8
zerocomplex,chakrabird
zerocomplex,synconi
J-u-d-a-s,AlexandraVBach
J-u-d-a-s,Emerald-Depths
J-u-d-a-s,LuneBleu
J-u-d-a-s,MADmoiselleMeli
J-u-d-a-s,MattSpire
J-u-d-a-s,MelGama
J-u-d-a-s,neverdying
J-u-d-a-s,RezzanATAKOL
J-u-d-a-s,vacuumslayer
slowdog294,jennystokes
slowdog294,Kjherstin
slowdog294,kkart
scarletwave,leoraigarath
scarletwave,Little-Vampire
scarletwave,SeanDietrich
scarletwave,YouInventedMe
Windy999,Senecal
lucid-light,AlexandraVBach
lucid-light,lindelokse
lucid-light,tatasz
jenifferlee,CBerms
jenifferlee,digitalideation
jenifferlee,G00DNeighbr
jenifferlee,TharBeVikings
balaa,animator
balaa,guitarjohnny
balaa,ursulav
DanSchoening,diablo2003
DanSchoening,mirrorkills
DanSchoening,sideshowmonkey
DanSchoening,thekidKaos
DanSchoening,TimTownsend
greenfeed,lockstock
thisign,arc
xero-sama,Baz135
xero-sama,FarDareisMai
xero-sama,rougeux
xero-sama,synconi
BluestOfBirds,cakecrumbs
BluestOfBirds,LabyrinthCreations
BluestOfBirds,Talty
nonculture,ndifference
nonculture,pantopicon
nonculture,somedrunkblackspoon
nonculture,utro
Devilpig,alohalilo
Devilpig,DanielaUhlig
Devilpig,diablo2003
Devilpig,LeSeanThomas
Devilpig,TimTownsend
darkcrescendo,GunShyMartyr
darkcrescendo,MinorKey
darkcrescendo,ndifference
darkcrescendo,nycterent
darkcrescendo,PoeticWar
darkcrescendo,Rushy
darkcrescendo,salshep
darkcrescendo,screamandsugar
darkcrescendo,SparrowSong
darkcrescendo,SRSmith
Riemea,cality
Riemea,JenFruzz
Riemea,Kendra-Paige
Riemea,PizzaPotatoNBacon
Riemea,SavageFrog
Riemea,Stygma
Riemea,TeaPhotography
mauricioestrella,AimanStudio
mauricioestrella,mrrste
mauricioestrella,OtisBee
thekidKaos,abhimanyughoshal
thekidKaos,animator
thekidKaos,DanielaUhlig
thekidKaos,DanSchoening
thekidKaos,DivineError
thekidKaos,reiiz
CynthiaCynical,anjules
CynthiaCynical,disintegration
CynthiaCynical,Little-Vampire
CynthiaCynical,Xerces
Stygma,Felizias
Stygma,Riemea
Stygma,SavageFrog
Stygma,TeaPhotography
Anoya,AnaNaszynska
Anoya,RetroZombie
jerryhazard,goodbyejulia
jerryhazard,kentsoul
jerryhazard,kkart
jerryhazard,krash
jerryhazard,newklear
jerryhazard,tangledweb
Sting1,anjules
Sting1,electricjonny
Sting1,Little-Vampire
Sting1,lost-angle
Sting1,secondmagpie
nervene,PolyMune
azurylipfe,ImaginedMoments
azurylipfe,JohndeLano
azurylipfe,lockstock
PinkyMcCoversong,Amberlouie
PinkyMcCoversong,CrumpetsHarvey
PinkyMcCoversong,ndifference
PinkyMcCoversong,PoeticWar
PinkyMcCoversong,SparrowSong
PinkyMcCoversong,summaro
LadyLincoln,dreamsinstatic
londonxpress,amour-etranger
londonxpress,imogene
londonxpress,Manu-80
londonxpress,x-horizon
LeSeanThomas,Devilpig
LeSeanThomas,diablo2003
LeSeanThomas,elsevilla
LeSeanThomas,sideshowmonkey
LeSeanThomas,TimTownsend
melodymaker,apartialfragment
melodymaker,fluffy
melodymaker,Josh
melodymaker,keiross
melodymaker,nocaed
melodymaker,runboy82
De-Profundis,niwi
De-Profundis,oedalis
De-Profundis,radiositysg
De-Profundis,sis
De-Profundis,walloftruth
De-Profundis,zeruch
poisonedrose,AbCat
poisonedrose,Ahavati
poisonedrose,coolmarvin
poisonedrose,Drunken-Splice
poisonedrose,geckokid
poisonedrose,leoraigarath
poisonedrose,PoeticWar
poisonedrose,Rushy
Aeires,CrisVector
Aeires,DWALKER1047
Aeires,FarDareisMai
Aeires,mirrorkills
ClefairyKid,SanguineEpitaph
ClefairyKid,ValaSedai
ost2life,halfliquid
Spoolaroo,darkmoon3636
pyriel,lockheart7ca
pyriel,skyOrange
AimanStudio,mauricioestrella
AimanStudio,trenchmaker
JohndeLano,AlexandraVBach
JohndeLano,anaRasha
JohndeLano,azurylipfe
JohndeLano,lockstock
Laurazee,anjules
Laurazee,tangledweb
china,treetog
vest,Emerald-Depths
vest,johnpaulthornton
vest,Lakaia
Shue13,gucken
Shue13,jane-beata
Shue13,neverdying
Shue13,Thiefoworld
Shue13,ValaSedai
lithriel,Mistress-Jaeden
somedrunkblackspoon,nonculture
zzaga,asunder
wynnesome,Battledress
wynnesome,ElectrikPinkPirate
lilvdzwan,DomiSM
lilvdzwan,Jules1983
just-is,mynti
Aegis-Illustration,fensterer
Aegis-Illustration,lockstock
Aegis-Illustration,MarcelaBolivar
elusive,javierocasio
elusive,reiiz
thief6,andidas
thief6,iamall
thief6,vm
EmberRoseArt,LuneBleu
EmberRoseArt,Mishelangello
serpentinekiss,hakanphotography
serpentinekiss,jennipenny
MSJames,AbCat
MSJames,GeneratingHype
MSJames,ndifference
MSJames,PoeticWar
MSJames,radiophonic
MSJames,RetroZombie
MSJames,salshep
erickthedesigner,MyntKat
erickthedesigner,parallellogic
GuiTwo,micro-D
Pyritie,DEVlANT
bzed,moeffju
bzed,radiositysg
bzed,walloftruth
ainslaight,amolerouth
ainslaight,peskaa
ainslaight,pickledeer
ainslaight,salshep
ainslaight,zephyrkinetic
Puglife29,OracleErin
Amforsythe,bohobella
Amforsythe,summaro
Dianae,AthenaTT
Dianae,DanielaUhlig
Dianae,eilidh
Dianae,Saimain
Dianae,thienbao
san-tor,MissShyly
san-tor,sis
centaura,gas13
centaura,leloops
centaura,leloops
IsacGoulart,IsacGoulart
KariAnnLax,Damaged927
KariAnnLax,electricjonny
KariAnnLax,Evil-e33
KariAnnLax,IreneLangholm
KariAnnLax,Marker-Guru
KariAnnLax,mrrste
NunoDias,MonicaMarinho
synconi,AndyGassner
synconi,Clair
synconi,Laurence55
synconi,lindelokse
synconi,parliamentFunk
synconi,RetroZombie
synconi,SRudy
synconi,xero-sama
synconi,zerocomplex
OracleErin,astarbuck
OracleErin,margotdent
OracleErin,Mheltin
OracleErin,Puglife29
animator,balaa
animator,CrisVector
animator,GoblinQueeen
animator,thekidKaos
G00DNeighbr,CBerms
G00DNeighbr,jenifferlee
G00DNeighbr,sergibosch
sirspy,CrisVector
sirspy,object2bdestroyd
ChewedKandi,ananasjihad
ChewedKandi,CrisVector
ChewedKandi,DomiSM
cocinando-colores,Adelaida
cocinando-colores,arwenita
cocinando-colores,gorjuss
cocinando-colores,Helewidis
twexler,switchbladeserenade
twexler,Zeros-Elipticus
splintered13,l8
splintered13,mrrste
Drunken-Splice,leoraigarath
Drunken-Splice,poisonedrose
SteavieLea,bakka
SteavieLea,mirrorkills
bbor62,endosage
Princess-Amy,ditto9
Princess-Amy,Queen-Soulia
lotus,aelis
GillianIvy,bradleysays
GillianIvy,ginkgografix
GillianIvy,TehAngelsCry
ginkgografix,bradleysays
ginkgografix,cakecrumbs
ginkgografix,DomiSM
ginkgografix,GillianIvy
ginkgografix,maytel
ginkgografix,MyntKat
ginkgografix,The-Build
object2bdestroyd,4g10
object2bdestroyd,DivineError
object2bdestroyd,sirspy
object2bdestroyd,turn2002
angelcurls,jsmonzani
angelcurls,TheTragicTruth-Of-Me
Halcyon83,Phoenix-22
stigmatattoo,Battledress
stigmatattoo,IreneLangholm
stigmatattoo,meanbones
stigmatattoo,zeruch
TehAngelsCry,fediaFedia
TehAngelsCry,GillianIvy
TehAngelsCry,Kendra-Paige
TehAngelsCry,VSConcepts
amour-etranger,londonxpress
isoldel,FionaCreates
isoldel,Mistress-Jaeden
buzz-hog,jsenn
briannacherrygarcia,alohalilo
briannacherrygarcia,GoblinQueeen
SavageFrog,PizzaPotatoNBacon
SavageFrog,Riemea
SavageFrog,rydi1689
SavageFrog,Stygma
SavageFrog,tatasz
SavageFrog,TeaPhotography
SavageFrog,TommyGK
SavageFrog,ValaSedai
kindred,dreamz13
kindred,rebelchic
JoelFaber,MichaelFaber
JoelFaber,NatalieKelsey
devilicious,CathieHeart
devilicious,hesitation
devilicious,missmisery
devilicious,Myangelofmusic
devilicious,SeaFairy
devilicious,superkev
devilicious,suzi9mm
Qulastro,mhalpert
princessmorgan,switchbladeserenade
oedalis,De-Profundis
oedalis,zeruch
thrawn,delici0us
thrawn,fuzzydemon
thrawn,jackdirt
dottiemaggie,CathieHeart
dottiemaggie,Ghouldaddy
dottiemaggie,picard102
dottiemaggie,superkev
dottiemaggie,suzi9mm
dottiemaggie,switchbladeserenade
brandonalderson,arc
brandonalderson,pixelphreak
krash,jerryhazard
krash,scottb
Exileden,sandara
screamandsugar,20after4
screamandsugar,darkcrescendo
screamandsugar,Jon-Law
screamandsugar,ndifference
screamandsugar,radiophonic
screamandsugar,SeanDietrich
Bleeding-Dragon,BarryKiddPhotography
orbital,aelis
orbital,klf
orbital,sanguru
orbital,shadowhand
JoshClarkeDraws,darkmoon3636
JoshClarkeDraws,thundercake
jsenn,buzz-hog
jsenn,cooper
jsenn,dreamz13
jsenn,jsenn
jsenn,nemish
jsenn,sanguru
jsenn,sirmorphix
jsenn,skrath
jsenn,spunj13
jsenn,volantis
jsenn,wernstrum
OliverJanoschek,halfliquid
OliverJanoschek,splat
OliverJanoschek,wenstrom
quila111,Cuddlepug
Nestalgica,FarDareisMai
Nestalgica,FractalEyes
Nestalgica,lindelokse
Nestalgica,photofroggy
Nestalgica,ssecret
jark,arc
jark,cafezero
jark,dj-designs
jark,fluffy
jark,helldragon
jark,iMike
jark,jackdirt
jark,Kevin
jark,mick-mick
jark,noir
leoraigarath,ATrue
leoraigarath,Drunken-Splice
leoraigarath,Exillior
leoraigarath,poisonedrose
leoraigarath,scarletwave
yathosho,Grandchild
yathosho,nemoorange
yathosho,w00zy
Clair,coolmarvin
Clair,synconi
photofroggy,Nestalgica
zeruch,De-Profundis
zeruch,marcyintellect
zeruch,oedalis
zeruch,Paula-Rosa
zeruch,Senecal
zeruch,stigmatattoo
zeruch,ukitakumuki
Azildin,Rednaxling
tangledweb,anjules
tangledweb,imogene
tangledweb,jerryhazard
tangledweb,Laurazee
tangledweb,newklear
tangledweb,triptychr
switched,fuzzydemon
switched,w00zy
kourinthellama,paellamagi
d1st0rt3d,the-spifster
cafezero,jark
cafezero,missmisery
DamaiMikaz,Hardrockangel
DamaiMikaz,JenFruzz
DamaiMikaz,M-A-F
DamaiMikaz,parallellogic
DamaiMikaz,Suzanne-Helmigh
DamaiMikaz,trenchmaker
vacuumslayer,AlexandraVBach
vacuumslayer,Cosmopavone
vacuumslayer,IreneLangholm
vacuumslayer,J-u-d-a-s
vacuumslayer,LuneBleu
scrapsaurus,Little-Vampire
feawen,ForksOfTheSalad
feawen,Marker-Guru
glowing,guitarjohnny
olya,anon-y-mouse
olya,dinyctis
olya,fuzzydemon
olya,gilad
olya,kentsoul
olya,mental
olya,superkev
olya,tzen
larafairie,aleksandra
larafairie,ClaireJones
larafairie,girltripped
larafairie,nikosalpha
shuttermonkey,anjules
ThornyEnglishRose,HaveTales-WillTell
LauraTex,o-KOUKLA-o
soninha,Paula-Rosa
Paula-Rosa,IreneLangholm
Paula-Rosa,kReEsTaL
Paula-Rosa,mick-mick
Paula-Rosa,mirrorkills
Paula-Rosa,RetroZombie
Paula-Rosa,roninbearz
Paula-Rosa,soninha
Paula-Rosa,SRSmith
Paula-Rosa,Sya
Paula-Rosa,zeruch
ChaosEmeraldHunter,darkmoon3636
ChaosEmeraldHunter,Gomotes
runboy82,fluffy
runboy82,melodymaker
runboy82,nocaed
In-Apt,CathieHeart
In-Apt,marble911
janaschi,AquaSixio
janaschi,DanielaUhlig
janaschi,elsevilla
janaschi,Endling
janaschi,memod
janaschi,Norke
janaschi,pacman23
janaschi,pyros
janaschi,thienbao
janaschi,ukitakumuki
janaschi,Zombiesmile
VAngelLJ,PolarisAstrum
Qinni,DanielaUhlig
Qinni,TouchedVenus
Felizias,Stygma
Felizias,TeaPhotography
parliamentFunk,AndyGassner
parliamentFunk,breaking-reality
parliamentFunk,dammitMEL
parliamentFunk,electricjonny
parliamentFunk,Exillior
parliamentFunk,synconi
computerologist,alphakx
computerologist,dj-designs
computerologist,klf
shaymacmorran,Josh
shaymacmorran,voodoo-prophet
chakrabird,peggymintun
chakrabird,zerocomplex
possiblyben,aelis
possiblyben,itirep
OtisBee,fediaFedia
OtisBee,mauricioestrella
OtisBee,mrrste
hempingway,aelis
photofairy,Emerald-Depths
photofairy,myraincheck
photofairy,RezzanATAKOL
Insignificant-Other,CraigArndt
Insignificant-Other,DivineError
Insignificant-Other,sanguru
Insignificant-Other,walloftruth
jademacalla,cmalidore
jademacalla,Endling
jademacalla,kirilee
Baz135,xero-sama
lockheart7ca,pyriel
sambees,chutkat
sambees,dapper-owl
sambees,loish
sambees,luniara
SanguineEpitaph,bradleysays
SanguineEpitaph,cality
SanguineEpitaph,ClefairyKid
SanguineEpitaph,rydi1689
pacman23,DanielaUhlig
pacman23,diablo2003
pacman23,Endling
pacman23,halfliquid
pacman23,janaschi
pacman23,Joey-Zero
pacman23,MumblingIdiot
pacman23,TimTownsend
pacman23,vmbui
MarcelaBolivar,Aegis-Illustration
MarcelaBolivar,fensterer
MarcelaBolivar,IreneLangholm
MarcelaBolivar,temoc
MarcelaBolivar,zancan
tigaer,SimonSawSunlight
ImaginedMoments,azurylipfe
ImaginedMoments,Bloodredsangre
ImaginedMoments,Cosmopavone
ImaginedMoments,DWALKER1047
ImaginedMoments,karemelancholia
ImaginedMoments,Lauraest
ImaginedMoments,MonicaMarinho
ImaginedMoments,Rachzee
Josh,cloude
Josh,madnessism
Josh,melodymaker
Josh,nocaed
Josh,shaymacmorran
Josh,the-faun
Josh,walloftruth
alohalilo,briannacherrygarcia
alohalilo,DanielaUhlig
alohalilo,Devilpig
alohalilo,diablo2003
alohalilo,elsevilla
alohalilo,Foxfires
jedeye459,himynameiznate
flashmind,w00zy
HeatherRivera,chewie
HeatherRivera,seveneves
HeatherRivera,sis
sodalicious,PixlPhantasy
volantis,jsenn
hizuki24,Damaged927
lendrick,Nodren
lendrick,shadowhand
Bobby-Sandhu,DarkMyth
Bobby-Sandhu,duhcoolies
Bobby-Sandhu,mrrste
Bobby-Sandhu,RipfangDragon
Bobby-Sandhu,zoomzoom
missmisery,aleksandra
missmisery,cafezero
missmisery,devilicious
missmisery,kentsoul
LostKitten,HaveTales-WillTell
LostKitten,Helewidis
LostKitten,oilsoaked
LostKitten,ZombieCoder
iMike,dinyctis
iMike,dygel
iMike,jark
iMike,voodoo-prophet
hesitation,davespertine
hesitation,devilicious
hesitation,dinyctis
hesitation,fuzzydemon
hesitation,MARX77
hesitation,mental
hesitation,superkev
hesitation,suzi9mm
Lady-Blue,hexentanz
Lady-Blue,pickledeer
cdaile,WaitingForTheWorms
ForksOfTheSalad,feawen
sirmorphix,jsenn
sirmorphix,klynx
sirmorphix,madcoffee
sirmorphix,tzen
flameturret,phae
xbastex,DpressedSoul
xbastex,MARX77
xbastex,MARX77
xbastex,myraincheck
xbastex,RezzanATAKOL
Vayde,dammitMEL
dekorAdum,bradleysays
dekorAdum,Eitvys200
dekorAdum,im-not-sana
dekorAdum,pwassonne
Mheltin,OracleErin
Endling,Ashwings
Endling,elsevilla
Endling,jademacalla
Endling,janaschi
Endling,pacman23
Endling,thundercake
Endling,Wolfie-chama
loiden,b33lz3bub
richten,cooley
richten,Damaged927
richten,Miss-It-Girl
pendlestock,IreneLangholm
jasinski,DanielaUhlig
jasinski,marcyintellect
jasinski,melocopter
Nodren,lendrick
Nodren,ZombieCoder
hb,AaronBradford
hb,gimmyfood
itirep,bookdiva
itirep,parasight
itirep,possiblyben
Leelor,duke
Leelor,endosage
Leelor,sergibosch
Leelor,xraystyle
Hyperized,AnaNaszynska
Hyperized,Cymae
bakka,furryphotos
bakka,SteavieLea
bakka,Zeros-Elipticus
mrrste,Bobby-Sandhu
mrrste,fediaFedia
mrrste,KariAnnLax
mrrste,mauricioestrella
mrrste,OtisBee
mrrste,splintered13
Queen-Soulia,Princess-Amy
zancan,alexiuss
zancan,AquaSixio
zancan,dahlig
zancan,DanielaUhlig
zancan,Eireen
zancan,MarcelaBolivar
zancan,spyroteknik
zancan,spyroteknik
zancan,trenchmaker
alteredreality,dygel
wolfsax,bornghost
achfoo,zeroskyy
sags,marble911
sags,roninbearz
2mo,sanguru
silentkitty,CrisVector
silentkitty,disintegration
silentkitty,halfliquid
silentkitty,voodoo-prophet
diablo2003,alohalilo
diablo2003,DanielaUhlig
diablo2003,DanSchoening
diablo2003,Devilpig
diablo2003,LeSeanThomas
diablo2003,p-51
diablo2003,pacman23
diablo2003,TimTownsend
diablo2003,zoomzoom
kittywoodphotography,IanStruckhoff
vayabobo,depthskins
vayabobo,IreneLangholm
vayabobo,killjoy
niwi,diamondie
niwi,De-Profundis
niwi,diamondie
niwi,sis
niwi,vaia
cloude,b33lz3bub
cloude,bornghost
cloude,Josh
cloude,keiross
cloude,madnessism
cloude,the-faun
cloude,walloftruth
fluffy,jark
fluffy,Kevin
fluffy,melodymaker
fluffy,radiositysg
fluffy,runboy82
sis,De-Profundis
sis,HeatherRivera
sis,kentsoul
sis,niwi
sis,san-tor
sis,vaia
sis,ZirTuan
sideshowmonkey,DanSchoening
sideshowmonkey,LeSeanThomas
ToAPP,CygX1
ToAPP,DWALKER1047
switchbladeserenade,blackice
switchbladeserenade,bornghost
switchbladeserenade,chezza-t18
switchbladeserenade,DarkMyth
switchbladeserenade,dottiemaggie
switchbladeserenade,Helewidis
switchbladeserenade,keiross
switchbladeserenade,Little-Vampire
switchbladeserenade,lonnietaylor
switchbladeserenade,princessmorgan
switchbladeserenade,Rushy
switchbladeserenade,twexler
switchbladeserenade,yashachan
rayvinazn,electricjonny
rayvinazn,p-51
rayvinazn,seveneves
rayvinazn,thundercake
M-A-F,DamaiMikaz
M-A-F,Suzanne-Helmigh
M-A-F,Yuuza
Cymae,Hyperized
Tepara,kkart
Tepara,timmy64
CBerms,duke
CBerms,G00DNeighbr
CBerms,jenifferlee
CBerms,o-KOUKLA-o
GeneratingHype,AbCat
GeneratingHype,Amberlouie
GeneratingHype,HaveTales-WillTell
GeneratingHype,Iscariot-Priest
GeneratingHype,MSJames
GeneratingHype,ndifference
GeneratingHype,RetroZombie
GeneratingHype,secondmagpie
GeneratingHype,SparrowSong
GeneratingHype,SRSmith
Iscariot-Priest,AbCat
Iscariot-Priest,ATrue
Iscariot-Priest,GeneratingHype
Iscariot-Priest,RetroZombie
Iscariot-Priest,SparrowSong
MagicalJoey,FuzzyHoser
raysheaf,FarDareisMai
raysheaf,lindelokse
alienhead,Amberlouie
alienhead,danielzklein
alienhead,GunShyMartyr
alienhead,MinorKey
alienhead,mynti
alienhead,PoeticWar
alienhead,salshep
alienhead,secondmagpie
alienhead,SRSmith
dj-designs,cheneymac
dj-designs,computerologist
dj-designs,fuzzydemon
dj-designs,jark
dj-designs,rougeux
dj-designs,shri
dj-designs,splat
dj-designs,statichavoc
cweeks,cei-
cweeks,coxi
cweeks,equivoque
cweeks,Gonzale
cweeks,JackSilver
cweeks,mnoo
cweeks,rain1man
cweeks,Staged
cweeks,straightfromcamera
FrockTarts,LabyrinthCreations
FrockTarts,MyntKat
FrockTarts,oilsoaked
FrockTarts,Talty
FrockTarts,zikes
MichaelMagin,memod
sergibosch,BrooklynTurbo
sergibosch,G00DNeighbr
sergibosch,Leelor
p-51,devilmech
p-51,diablo2003
p-51,DivineError
p-51,mick-mick
p-51,rayvinazn
Tommy-Noker,JuliaDunin
gas13,centaura
gas13,diamondie
gas13,halfliquid
gas13,mick-mick
gas13,Mistress-Jaeden
gas13,rocksicle
gas13,statichavoc
gas13,warfish
gas13,wenstrom
aMoniker,drigh
aMoniker,shadowhand
queenhrosie,johnpaulthornton
queenhrosie,vespera
queenhrosie,YouInventedMe
nemish,jsenn
arctoa,DpressedSoul
RainCookie,AndyGassner
RainCookie,SqueakyToybox
voodoo-prophet,amolerouth
voodoo-prophet,blackice
voodoo-prophet,drownsoda
voodoo-prophet,dygel
voodoo-prophet,iMike
voodoo-prophet,knock
voodoo-prophet,myheadphones
voodoo-prophet,shaymacmorran
voodoo-prophet,silentkitty
voodoo-prophet,the-spifster
voodoo-prophet,turn2002
ZirTuan,phusion
ZirTuan,sis
pupasoul,scotto
myheadphones,aleksandra
myheadphones,epiphany
myheadphones,goodbyejulia
myheadphones,the-spifster
myheadphones,voodoo-prophet
Battledress,annajordanart
Battledress,JZino
Battledress,Nyx-Valentine
Battledress,SparrowSong
Battledress,stigmatattoo
Battledress,wynnesome
ninjabrick,blackice
ninjabrick,breaking-reality
ninjabrick,chewie
ninjabrick,darkmoon3636
ninjabrick,dinyctis
ninjabrick,knock
ninjabrick,madnessism
ninjabrick,picard102
ninjabrick,splat
ninjabrick,Swordgleam
ninjabrick,UmbraVulpis
ninjabrick,walloftruth
ninjabrick,wordlesswhisper
Rendarin,seveneves
davincipoppalag,DennisChunga
davincipoppalag,Evil-e33
davincipoppalag,guitarjohnny
davincipoppalag,hellfirediva
davincipoppalag,kkart
davincipoppalag,LeashaAHooker
davincipoppalag,MARX77
davincipoppalag,RezzanATAKOL
davincipoppalag,TeaPhotography
davincipoppalag,WaitingForTheWorms
parallellogic,20after4
parallellogic,AaronBradford
parallellogic,AreteEirene
parallellogic,baronbeandip
parallellogic,DamaiMikaz
parallellogic,dazza1008
parallellogic,DEVlANT
parallellogic,erickthedesigner
parallellogic,ZombieCoder
CraigArndt,Insignificant-Other
1arcticfox,DWALKER1047
leloops,centaura
leloops,devilmech
netghost,shri
mothnode,monatorgersen
jeriweaver,lost-angle
jeriweaver,Majnouna
jeriweaver,Marker-Guru
jeriweaver,TouchedVenus
rotane,electricjonny
rotane,mick-mick
suzi9mm,coxi
suzi9mm,devilicious
suzi9mm,dottiemaggie
suzi9mm,hesitation
suzi9mm,mnoo
suzi9mm,superkev
suzi9mm,temoc
Hardrockangel,DamaiMikaz
Hardrockangel,ditto9
Hardrockangel,DomiSM
Hardrockangel,dust-bite
Hardrockangel,Minato-Kushina
Hardrockangel,MzzAzn
johnpaulthornton,Gashu-Monsata
johnpaulthornton,PattersonArt
johnpaulthornton,peggymintun
johnpaulthornton,queenhrosie
johnpaulthornton,scottjamesprebble
johnpaulthornton,vest
davespertine,DpressedSoul
davespertine,hesitation
davespertine,scheinbar
UmbraVulpis,breaking-reality
UmbraVulpis,ninjabrick
gucken,MacRebisz
gucken,rydi1689
gucken,Shue13
coxi,cweeks
coxi,Gonzale
coxi,suzi9mm
4g10,anon-y-mouse
4g10,object2bdestroyd
4g10,picard102
4g10,the-spifster
IanStruckhoff,kittywoodphotography
IanStruckhoff,OneFreeInternet
jsmonzani,angelcurls
jsmonzani,gorjuss
jsmonzani,hakanphotography
jsmonzani,kevissimo
jsmonzani,ssilence
jsmonzani,tzen
trevg,dust-bite
trevg,JZino
trevg,kkart
Fico-Ossio,reiiz
Rahll,DanLuVisiArt
Rahll,Norke
Rahll,OneFreeInternet
Rahll,rydi1689
admx,im-not-sana
admx,RipfangDragon
cyphixation,mydeadpony
Hameed,dinyctis
Hameed,exorist
Hameed,mick-mick
AthenaTT,Dianae
AthenaTT,OchreJelly
SRudy,AlexandraVBach
SRudy,cakecrumbs
SRudy,synconi
SRudy,The-Build
DpressedSoul,arctoa
DpressedSoul,davespertine
DpressedSoul,hellfirediva
DpressedSoul,JillAuville
DpressedSoul,myraincheck
DpressedSoul,PukeChrist
DpressedSoul,scheinbar
DpressedSoul,xbastex
aelis,hempingway
aelis,lotus
aelis,orbital
aelis,possiblyben
aelis,sanguru
gilad,guitarjohnny
gilad,hellfirediva
gilad,olya
alexandrasalas,Damaged927
alexandrasalas,jane-beata
alexandrasalas,newklear
alexandrasalas,rydi1689
alexandrasalas,Thiefoworld
PoeticWar,AbCat
PoeticWar,alienhead
PoeticWar,coshdaddy
PoeticWar,CrumpetsHarvey
PoeticWar,darkcrescendo
PoeticWar,GunShyMartyr
PoeticWar,MinorKey
PoeticWar,MSJames
PoeticWar,MSJames
PoeticWar,PinkyMcCoversong
PoeticWar,poisonedrose
PoeticWar,salshep
PoeticWar,secondmagpie
PoeticWar,SparrowSong
Rachzee,anaRasha
Rachzee,ImaginedMoments
Rachzee,twosilverstars
MissShyly,mehmeturgut
MissShyly,san-tor
nokari,ziinyu
exorist,Hameed
exorist,mirrorkills
InayatShah,jennystokes
InayatShah,MARX77
trenchmaker,Adelaida
trenchmaker,AimanStudio
trenchmaker,CrimsonMagpie
trenchmaker,DamaiMikaz
trenchmaker,DanielaUhlig
trenchmaker,MonicaMarinho
trenchmaker,PattersonArt
trenchmaker,ursulav
trenchmaker,zancan
Suzanne-Helmigh,Anathematixs
Suzanne-Helmigh,CrimsonMagpie
Suzanne-Helmigh,DamaiMikaz
Suzanne-Helmigh,M-A-F
DanLuVisiArt,archanN
DanLuVisiArt,megturney
DanLuVisiArt,Rahll
zoomzoom,Bobby-Sandhu
zoomzoom,diablo2003
ananasjihad,anjules
ananasjihad,annajordanart
ananasjihad,ChewedKandi
ananasjihad,Comrade-Kelly
ananasjihad,dammitMEL
ananasjihad,disintegration
ananasjihad,Exillior
ananasjihad,Little-Vampire
ananasjihad,littlefishey
ananasjihad,peskaa
ananasjihad,secondmagpie
ananasjihad,Trapiki
ananasjihad,Xerces
jane-beata,alexandrasalas
jane-beata,Astralseed
jane-beata,bradleysays
jane-beata,Emerald-Depths
jane-beata,fediaFedia
jane-beata,Kithanna
jane-beata,maytel
jane-beata,Shue13
jane-beata,The-Build
mygrane,kgcreative
Age2003,geckokid
ka-os,mydeadpony
ka-os,x0rcist
IllustratedEye,anaRasha
IllustratedEye,CrisVector
IllustratedEye,mehmeturgut
Nyx-Valentine,Battledress
SeanDietrich,scarletwave
SeanDietrich,screamandsugar
kevissimo,aleksandra
kevissimo,DivineError
kevissimo,jsmonzani
kevissimo,kentsoul
kamy-ska,HaveTales-WillTell
l8,bosniak
l8,drownsoda
l8,splintered13
Yamino,mooncalfe
demonlight,ATrue
demonlight,cooper
demonlight,diamondie
demonlight,Subversive-imaginati
AreteEirene,parallellogic
AreteEirene,SparrowSong
amyhooton,peggymintun
amyhooton,Senecal
himynameiznate,cynic
himynameiznate,jedeye459
cloaks,Emerald-Depths
LineBirgitte,Helewidis
The-Build,bohobella
The-Build,CrimsonMagpie
The-Build,evilsyndicatemember
The-Build,ginkgografix
The-Build,Helewidis
The-Build,jane-beata
The-Build,LabyrinthCreations
The-Build,PlasticusForkus
The-Build,SRudy
lost-angle,cooley
lost-angle,jeriweaver
lost-angle,Marker-Guru
lost-angle,Pola-444
lost-angle,Sting1
radiophonic,MSJames
radiophonic,ndifference
radiophonic,screamandsugar
radiophonic,secondmagpie
moeffju,bzed
moeffju,danielzklein
BenHeine,InpuUpUaut
BenHeine,monatorgersen
BenHeine,peggymintun
treetog,china
treetog,the-jafo
Kevin,alphakx
Kevin,fluffy
Kevin,jark
Lauraest,Emerald-Depths
Lauraest,ImaginedMoments
Lauraest,LeashaAHooker
Lauraest,RezzanATAKOL
Lauraest,Vulcie
Lauraest,Xadrea
Lauraest,Yasny-chan
Pola-444,junoknight
Pola-444,lost-angle
newklear,alexandrasalas
newklear,dammitMEL
newklear,jerryhazard
newklear,mynti
newklear,peskaa
newklear,tangledweb
newklear,vonny-t-h-m
xraystyle,Leelor
xraystyle,nutnics
xraystyle,o-KOUKLA-o
xraystyle,shadowhand
carolinabarajas,turn2002
ElectrikPinkPirate,ArtisnotanAccident
ElectrikPinkPirate,Damaged927
ElectrikPinkPirate,InpuUpUaut
ElectrikPinkPirate,IreneLangholm
ElectrikPinkPirate,Marker-Guru
ElectrikPinkPirate,wynnesome
ElectrikPinkPirate,Zenfilm
Zeros-Elipticus,bakka
Zeros-Elipticus,picard102
Zeros-Elipticus,radiositysg
Zeros-Elipticus,twexler
Zeros-Elipticus,wordlesswhisper
Zeros-Elipticus,yashachan
MoleyVyrus,Trapiki
cynic,fuzzydemon
cynic,himynameiznate
Princess-of-Shadows,LuneBleu
Princess-of-Shadows,mehmeturgut
kgcreative,klf
kgcreative,mygrane
kgcreative,spunj13
kgcreative,tzen
kgcreative,utro
reiiz,bionikdesign
reiiz,elusive
reiiz,Fico-Ossio
reiiz,MarkReady
reiiz,mynti
reiiz,thekidKaos
Argocat8,DarkMyth
Argocat8,imogene
Argocat8,zerocomplex
anon-y-mouse,4g10
anon-y-mouse,blackice
anon-y-mouse,olya
anon-y-mouse,picard102
eawood,bradleysays
eawood,lepidosteus
eawood,MARX77
alphakx,computerologist
alphakx,CrisVector
alphakx,Kevin
Yuuza,M-A-F
Yuuza,sandara
Yuuza,TouchedVenus
MARX77,1pen
MARX77,Astralseed
MARX77,davincipoppalag
MARX77,eawood
MARX77,hesitation
MARX77,InayatShah
MARX77,jennystokes
MARX77,myraincheck
MARX77,RezzanATAKOL
MARX77,xbastex
astarbuck,DEVlANT
astarbuck,margotdent
astarbuck,OracleErin
delici0us,halfliquid
delici0us,thrawn
zikes,FrockTarts
imperfect,coshdaddy
imperfect,Jon-Law
imperfect,ndifference
imperfect,triptychr
drigh,aMoniker
JZino,annajordanart
JZino,Battledress
JZino,Laurence55
JZino,oilsoaked
JZino,trevg
dinyctis,amolerouth
dinyctis,blackice
dinyctis,Hameed
dinyctis,hesitation
dinyctis,iMike
dinyctis,knock
dinyctis,mental
dinyctis,ninjabrick
dinyctis,olya
dinyctis,phae
dinyctis,picard102
dinyctis,splat
dinyctis,superkev
RipfangDragon,admx
RipfangDragon,Bobby-Sandhu
pyros,janaschi
pyros,Zombiesmile
Jules1983,lilvdzwan
roy-sac,lonnietaylor
roy-sac,radman1
klf,computerologist
klf,cooper
klf,eolhc
klf,kgcreative
klf,orbital
klf,spunj13
klf,x0rcist
Sugargrl14,Eireen
ninebark,Exillior
ninebark,zebrazebrazebra
dismarum,the-spifster
f--l--A--r--k,FarDareisMai
f--l--A--r--k,lindelokse
Ghouldaddy,dottiemaggie
DorianHarper,rydi1689
b33lz3bub,cloude
b33lz3bub,fuzzydemon
b33lz3bub,geckokid
b33lz3bub,loiden
b33lz3bub,madnessism
b33lz3bub,pixelphreak
b33lz3bub,statichavoc
b33lz3bub,walloftruth
im-not-sana,admx
im-not-sana,dekorAdum
im-not-sana,Exillior
epiphany,kentsoul
epiphany,myheadphones
meredith,arwenita
dapper-owl,chutkat
dapper-owl,sambees
dapper-owl,sambees
hellfirediva,davincipoppalag
hellfirediva,DpressedSoul
hellfirediva,equivoque
hellfirediva,Evil-e33
hellfirediva,gilad
hellfirediva,guitarjohnny
hellfirediva,kkart
hellfirediva,LeashaAHooker
hellfirediva,MacRebisz
hellfirediva,marble911
hellfirediva,photonig
hellfirediva,WaitingForTheWorms
PolyMune,DomiSM
PolyMune,nervene
PolyMune,rydi1689
PolyMune,ValaSedai
Swordgleam,ninjabrick
NatalieKelsey,CygX1
NatalieKelsey,JoelFaber
NatalieKelsey,MichaelFaber
thienbao,Dianae
thienbao,elsevilla
thienbao,janaschi
thienbao,lockstock
thienbao,twosilverstars
thienbao,ukitakumuki
thienbao,vmbui
Minato-Kushina,Hardrockangel
Minato-Kushina,Kendra-Paige
Minato-Kushina,rydi1689
Minato-Kushina,TommyGK
fediaFedia,ap-graphik
fediaFedia,jane-beata
fediaFedia,mrrste
fediaFedia,OtisBee
fediaFedia,TehAngelsCry
Majnouna,eilidh
Majnouna,FionaCreates
Majnouna,jeriweaver
Majnouna,Thiefoworld
Kithanna,DarkAlchemistNinja
Kithanna,jane-beata
Kithanna,JenFruzz
shri,andidas
shri,dj-designs
shri,netghost
shri,phc
spyroteknik,eilidh
spyroteknik,Senecal
spyroteknik,zancan
mehmeturgut,DanielaUhlig
mehmeturgut,girltripped
mehmeturgut,IllustratedEye
mehmeturgut,lilbittydemon
mehmeturgut,MissShyly
mehmeturgut,nikosalpha
mehmeturgut,PerryGallagher
mehmeturgut,Princess-of-Shadows
mehmeturgut,TheTragicTruth-Of-Me
mehmeturgut,x-horizon
LabyrinthCreations,BluestOfBirds
LabyrinthCreations,FrockTarts
LabyrinthCreations,Talty
LabyrinthCreations,The-Build
wernstrum,jsenn
peggymintun,amyhooton
peggymintun,BenHeine
peggymintun,chakrabird
peggymintun,johnpaulthornton
peggymintun,scheinbar
peggymintun,Senecal
suzaku009,Exillior
suzaku009,rydi1689
suzaku009,Yasny-chan
Rednaxling,Azildin
Artgerm,CrisVector
Artgerm,HazardousArts
Artgerm,ukitakumuki
MacRebisz,gucken
MacRebisz,hellfirediva
summaro,Amforsythe
summaro,paellamagi
summaro,PinkyMcCoversong
MelGama,J-u-d-a-s
MelGama,lockstock
vm,thief6
archanN,DanLuVisiArt
DiegoTripodi,katat0nik
meikahidenori,Astarsia
TVD-Photography,JenFruzz
TVD-Photography,kkart
PolarisAstrum,VAngelLJ
cakecrumbs,BluestOfBirds
cakecrumbs,ginkgografix
cakecrumbs,maytel
cakecrumbs,SRudy
cakecrumbs,Talty
cakecrumbs,Thiefoworld
littlefishey,ananasjihad
littlefishey,CrimsonMagpie
littlefishey,Xerces
jennystokes,InayatShah
jennystokes,MARX77
jennystokes,RezzanATAKOL
jennystokes,ShePaintsWithBlood
jennystokes,slowdog294
jennystokes,thespook
parasight,itirep
parasight,jackdirt
parasight,l-courni
klynx,sirmorphix
breaking-reality,ninjabrick
breaking-reality,parliamentFunk
breaking-reality,pickledeer
breaking-reality,UmbraVulpis
wenstrom,gas13
wenstrom,OliverJanoschek
seveneves,HeatherRivera
seveneves,rayvinazn
seveneves,Rendarin
seveneves,seveneves
Eitvys200,DarkAlchemistNinja
Eitvys200,dekorAdum
Eitvys200,IceXDragon
JenFruzz,cooley
JenFruzz,copperrein
JenFruzz,DamaiMikaz
JenFruzz,Kithanna
JenFruzz,PixlPhantasy
JenFruzz,Riemea
JenFruzz,Thiefoworld
JenFruzz,TVD-Photography
JenFruzz,ValaSedai
FuzzyHoser,dreamsinstatic
FuzzyHoser,HaveTales-WillTell
FuzzyHoser,MagicalJoey
FuzzyHoser,SRSmith
FuzzyHoser,vespera
AndyGassner,Abfc
AndyGassner,geckokid
AndyGassner,parliamentFunk
AndyGassner,RainCookie
AndyGassner,synconi
AndyGassner,TerrorCookie
sixhours,marble911
DivineError,Davenit
DivineError,Insignificant-Other
DivineError,kevissimo
DivineError,object2bdestroyd
DivineError,p-51
DivineError,thekidKaos
TharBeVikings,endosage
TharBeVikings,jenifferlee
PlasticusForkus,AbCat
PlasticusForkus,CrimsonMagpie
PlasticusForkus,The-Build
PukeChrist,anjules
PukeChrist,Astralseed
PukeChrist,DpressedSoul
PukeChrist,JillAuville
PukeChrist,pickledeer
PukeChrist,Uncle-Scratchy
nycterent,AbCat
nycterent,ATrue
nycterent,darkcrescendo
nycterent,zebrazebrazebra
jackdirt,fuzzydemon
jackdirt,jark
jackdirt,parasight
jackdirt,thrawn
rhapsouldize,equivoque
rhapsouldize,Manu-80
rhapsouldize,straightfromcamera
shingworks,thundercake
FarDareisMai,Aeires
FarDareisMai,f--l--A--r--k
FarDareisMai,FionaCreates
FarDareisMai,lindelokse
FarDareisMai,Nestalgica
FarDareisMai,raysheaf
FarDareisMai,rougeux
FarDareisMai,xero-sama
FarDareisMai,Zenfilm
dahlig,DanielaUhlig
dahlig,zancan
AlexandraVBach,Bloodredsangre
AlexandraVBach,dualdesigns
AlexandraVBach,fensterer
AlexandraVBach,J-u-d-a-s
AlexandraVBach,jdrainville
AlexandraVBach,JohndeLano
AlexandraVBach,lucid-light
AlexandraVBach,MADmoiselleMeli
AlexandraVBach,Mishelangello
AlexandraVBach,SRudy
AlexandraVBach,vacuumslayer
AlexandraVBach,x-horizon
gorjuss,Bloodredsangre
gorjuss,cocinando-colores
gorjuss,jsmonzani
gorjuss,TheTragicTruth-Of-Me
lockstock,Aegis-Illustration
lockstock,azurylipfe
lockstock,dualdesigns
lockstock,Eireen
lockstock,greenfeed
lockstock,JohndeLano
lockstock,MelGama
lockstock,MelGama
lockstock,thienbao
Mrichston,Gomotes
keiross,b0x0rz
keiross,cloude
keiross,geckokid
keiross,melodymaker
keiross,Rushy
keiross,switchbladeserenade
dreamz13,bookdiva
dreamz13,cooper
dreamz13,jsenn
dreamz13,kindred
dreamz13,madcoffee
junoknight,Pola-444
alexiuss,zancan
Rubycored,coolmarvin
x0rcist,ka-os
x0rcist,klf
x0rcist,mydeadpony
x0rcist,scissors-hands
x0rcist,w00zy
neverdying,Emerald-Depths
neverdying,J-u-d-a-s
neverdying,LuneBleu
neverdying,maytel
neverdying,Shue13
Mistress-Jaeden,FionaCreates
Mistress-Jaeden,gas13
Mistress-Jaeden,isoldel
Mistress-Jaeden,lithriel
fensterer,Aegis-Illustration
fensterer,AlexandraVBach
fensterer,Foxfires
fensterer,MarcelaBolivar
Xerces,ananasjihad
Xerces,CynthiaCynical
Xerces,Davenit
Xerces,kkart
Xerces,Little-Vampire
Xerces,littlefishey
Xerces,paellamagi
Xerces,Trapiki
20after4,classam
20after4,DEVlANT
20after4,keetonh
20after4,parallellogic
20after4,screamandsugar
halfliquid,blackice
halfliquid,cooper
halfliquid,delici0us
halfliquid,desertpenguin
halfliquid,fuzzydemon
halfliquid,gas13
halfliquid,hypermind
halfliquid,mick-mick
halfliquid,OliverJanoschek
halfliquid,ost2life
halfliquid,pacman23
halfliquid,rocksicle
halfliquid,splat
halfliquid,silentkitty
halfliquid,warfish
halfliquid,zeroskyy
duke,CBerms
duke,Leelor
MattSpire,J-u-d-a-s
TommyGK,Minato-Kushina
TommyGK,rydi1689
TommyGK,SavageFrog
Shy-Too-Shy,jennipenny
Shy-Too-Shy,kentsoul
Shy-Too-Shy,kkart
Shy-Too-Shy,lilbittydemon
Shy-Too-Shy,PerryGallagher
Shy-Too-Shy,scottb
MarkReady,reiiz
bohobella,Amforsythe
bohobella,CrimsonMagpie
bohobella,LOVEintheSNOW
bohobella,The-Build
bohobella,timmy64
szlosek,fartprincess
szlosek,shadowhand
Trapiki,ananasjihad
Trapiki,MoleyVyrus
Trapiki,shebid
Trapiki,Xerces
isonica,arc
warfish,gas13
warfish,halfliquid
warfish,splat
rydi1689,alexandrasalas
rydi1689,Atramina
rydi1689,DorianHarper
rydi1689,Exillior
rydi1689,gucken
rydi1689,Helewidis
rydi1689,Miss-It-Girl
rydi1689,Minato-Kushina
rydi1689,PolyMune
rydi1689,Rahll
rydi1689,SanguineEpitaph
rydi1689,SavageFrog
rydi1689,suzaku009
rydi1689,TommyGK
rydi1689,Yasny-chan
1pen,Astralseed
1pen,MARX77
furryphotos,bakka
furryphotos,guitarjohnny
furryphotos,lonnietaylor
furryphotos,radiositysg
furryphotos,walloftruth
maytel,cakecrumbs
maytel,Exillior
maytel,ginkgografix
maytel,jane-beata
maytel,neverdying
maytel,Talty
javierocasio,elusive
madcoffee,cooper
madcoffee,dreamz13
madcoffee,sirmorphix
madcoffee,tzen
skifi,Helewidis
tzen,jsmonzani
tzen,kgcreative
tzen,madcoffee
tzen,olya
tzen,sirmorphix
tzen,utro
DennisChunga,davincipoppalag
DennisChunga,kkart
DennisChunga,LeashaAHooker
DennisChunga,Yasny-chan
Astralseed,1pen
Astralseed,capncraka
Astralseed,copperrein
Astralseed,Exillior
Astralseed,FionaCreates
Astralseed,jane-beata
Astralseed,MARX77
Astralseed,PukeChrist
Astralseed,ShePaintsWithBlood
tatasz,lindelokse
tatasz,lucid-light
tatasz,Sya
tatasz,SavageFrog
Katurian,thechick14
TeaPhotography,davincipoppalag
TeaPhotography,DWALKER1047
TeaPhotography,Felizias
TeaPhotography,PizzaPotatoNBacon
TeaPhotography,RezzanATAKOL
TeaPhotography,Riemea
TeaPhotography,Stygma
TeaPhotography,SavageFrog
samshull,bionikdesign
samshull,shadowhand
hakanphotography,jsmonzani
hakanphotography,scottb
hakanphotography,serpentinekiss
bigdavec,DarkMyth
katat0nik,DiegoTripodi
madnessism,b33lz3bub
madnessism,blackice
madnessism,cloude
madnessism,Josh
madnessism,ninjabrick
madnessism,walloftruth
ukitakumuki,Artgerm
ukitakumuki,DanielaUhlig
ukitakumuki,elsevilla
ukitakumuki,janaschi
ukitakumuki,MartaNael
ukitakumuki,thienbao
ukitakumuki,zeruch
TheTragicTruth-Of-Me,aleksandra
TheTragicTruth-Of-Me,angelcurls
TheTragicTruth-Of-Me,girltripped
TheTragicTruth-Of-Me,gorjuss
TheTragicTruth-Of-Me,JuliaDunin
TheTragicTruth-Of-Me,mehmeturgut
j3concepts,axcy
j3concepts,Joey-Zero
j3concepts,turn2002
Mishelangello,AlexandraVBach
Mishelangello,EmberRoseArt
Mishelangello,kolaboy
cmalidore,jademacalla
guitarjohnny,balaa
guitarjohnny,davincipoppalag
guitarjohnny,furryphotos
guitarjohnny,gilad
guitarjohnny,glowing
guitarjohnny,hellfirediva
guitarjohnny,x-horizon
disintegration,ananasjihad
disintegration,anjules
disintegration,CynthiaCynical
disintegration,killjoy
disintegration,nenina
disintegration,peskaa
disintegration,saintartaud
disintegration,silentkitty
temoc,MarcelaBolivar
temoc,nenina
temoc,suzi9mm
triptychr,imperfect
triptychr,tangledweb
cality,HaveTales-WillTell
cality,Riemea
cality,SanguineEpitaph
chezza-t18,switchbladeserenade
classam,20after4
AnaNaszynska,Anoya
AnaNaszynska,Hyperized
AnaNaszynska,monatorgersen
AnaNaszynska,Rushy
l-courni,der-das
l-courni,parasight
eolhc,cooper
eolhc,fuzzydemon
eolhc,klf
jorobins,bionikdesign
jorobins,MyntKat
vonny-t-h-m,newklear
ssecret,Nestalgica
lindelokse,f--l--A--r--k
lindelokse,FarDareisMai
lindelokse,lucid-light
lindelokse,Nestalgica
lindelokse,raysheaf
lindelokse,synconi
lindelokse,tatasz
lindelokse,Yasny-chan
Droneguard,DEVlANT
Droneguard,Gomotes
kentsoul,epiphany
kentsoul,goodbyejulia
kentsoul,jerryhazard
kentsoul,kevissimo
kentsoul,missmisery
kentsoul,olya
kentsoul,PerryGallagher
kentsoul,Shy-Too-Shy
kentsoul,sis
micro-D,Grandchild
micro-D,GuiTwo
splat,dinyctis
splat,dj-designs
splat,fuzzydemon
splat,halfliquid
splat,knock
splat,mick-mick
splat,ninjabrick
splat,OliverJanoschek
splat,picard102
splat,warfish
Xadrea,Lauraest
arc,brandonalderson
arc,iamall
arc,isonica
arc,jark
arc,tack
arc,thisign
DomiSM,ChewedKandi
DomiSM,ginkgografix
DomiSM,Hardrockangel
DomiSM,lilvdzwan
DomiSM,PolyMune
turn2002,carolinabarajas
turn2002,drownsoda
turn2002,j3concepts
turn2002,Joey-Zero
turn2002,object2bdestroyd
turn2002,voodoo-prophet
VSConcepts,TehAngelsCry
skrath,jsenn
Miss-It-Girl,Damaged927
Miss-It-Girl,richten
Miss-It-Girl,rydi1689
anjules,AaronBradford
anjules,ananasjihad
anjules,CynthiaCynical
anjules,disintegration
anjules,evilsyndicatemember
anjules,Laurazee
anjules,Little-Vampire
anjules,PukeChrist
anjules,shuttermonkey
anjules,Sting1
anjules,tangledweb
anjules,zerocomplex
melocopter,jasinski
melocopter,kolaboy
melocopter,meanbones
b0x0rz,keiross
GunShyMartyr,alienhead
GunShyMartyr,danielzklein
GunShyMartyr,darkcrescendo
GunShyMartyr,PoeticWar
GunShyMartyr,salshep
GunShyMartyr,secondmagpie
GunShyMartyr,SRSmith
kirilee,jademacalla
ursulav,balaa
ursulav,mooncalfe
ursulav,trenchmaker
Manu-80,dibbi
Manu-80,londonxpress
Manu-80,nikosalpha
Manu-80,rhapsouldize
girltripped,larafairie
girltripped,mehmeturgut
girltripped,TheTragicTruth-Of-Me
cheneymac,dj-designs
cheneymac,tuna
dammitMEL,ananasjihad
dammitMEL,newklear
dammitMEL,parliamentFunk
dammitMEL,Vayde
InpuUpUaut,BenHeine
InpuUpUaut,ElectrikPinkPirate
InpuUpUaut,Helewidis
InpuUpUaut,Marker-Guru
ShePaintsWithBlood,Astralseed
ShePaintsWithBlood,jennystokes
thundercake,Endling
thundercake,JoshClarkeDraws
thundercake,Katmomma
thundercake,paellamagi
thundercake,rayvinazn
thundercake,shingworks
thundercake,vmbui
twosilverstars,Rachzee
twosilverstars,Saimain
twosilverstars,thienbao
scotto,pupasoul
scotto,ssilence
Lakaia,darkmoon3636
Lakaia,vest
Talty,BluestOfBirds
Talty,cakecrumbs
Talty,FrockTarts
Talty,LabyrinthCreations
Talty,maytel
Talty,MzzAzn
Talty,ValaSedai
scottb,hakanphotography
scottb,jennipenny
scottb,krash
scottb,Shy-Too-Shy
scottb,Sya
JackSilver,cweeks
roninbearz,Paula-Rosa
roninbearz,sags
andidas,andidas
andidas,shri
andidas,thief6
scissors-hands,x0rcist
dreamsinstatic,ATrue
dreamsinstatic,FuzzyHoser
dreamsinstatic,LadyLincoln
superkev,CathieHeart
superkev,devilicious
superkev,dinyctis
superkev,dottiemaggie
superkev,hesitation
superkev,mental
superkev,mnoo
superkev,olya
superkev,suzi9mm
Amberlouie,AbCat
Amberlouie,alienhead
Amberlouie,GeneratingHype
Amberlouie,PinkyMcCoversong
krissie,ndifference
Norke,janaschi
Norke,Rahll
AquaSixio,janaschi
AquaSixio,zancan
ioco,ioco
myrnajacobs,equivoque
myrnajacobs,JillAuville
myrnajacobs,Senecal
myrnajacobs,WaitingForTheWorms
freezejeans,bookdiva
kolaboy,melocopter
kolaboy,Mishelangello
kolaboy,Senecal
bQw,myraincheck
bQw,straightfromcamera
bQw,tanya-n
ssilence,jsmonzani
ssilence,scotto
lonnietaylor,BarryKiddPhotography
lonnietaylor,furryphotos
lonnietaylor,roy-sac
lonnietaylor,switchbladeserenade
Laurence55,JZino
Laurence55,SparrowSong
Laurence55,synconi
scottjamesprebble,johnpaulthornton
scottjamesprebble,Rushy
Wolfie-chama,Endling
scheinbar,davespertine
scheinbar,DpressedSoul
scheinbar,peggymintun
LuneBleu,EmberRoseArt
LuneBleu,J-u-d-a-s
LuneBleu,MADmoiselleMeli
LuneBleu,neverdying
LuneBleu,Princess-of-Shadows
LuneBleu,vacuumslayer
LuneBleu,Yasny-chan
mongi,radman1
baronbeandip,parallellogic
paellamagi,Comrade-Kelly
paellamagi,kourinthellama
paellamagi,mikepav
paellamagi,OneFreeInternet
paellamagi,shebid
paellamagi,summaro
paellamagi,thundercake
paellamagi,Xerces
Grandchild,micro-D
Grandchild,yathosho
bionikdesign,jorobins
bionikdesign,megturney
bionikdesign,reiiz
bionikdesign,samshull
bionikdesign,thechick14
apartialfragment,melodymaker
blackice,anon-y-mouse
blackice,dinyctis
blackice,dygel
blackice,halfliquid
blackice,knock
blackice,madnessism
blackice,ninjabrick
blackice,rocksicle
blackice,switchbladeserenade
blackice,voodoo-prophet
blackice,walloftruth
ditto9,Hardrockangel
ditto9,Princess-Amy
Cuddlepug,quila111
renonevada,amolerouth
bookdiva,dreamz13
bookdiva,freezejeans
bookdiva,itirep
lepidosteus,eawood
lepidosteus,ZombieCoder
CathieHeart,cei-
CathieHeart,devilicious
CathieHeart,dottiemaggie
CathieHeart,In-Apt
CathieHeart,superkev
cei-,CathieHeart
cei-,cweeks
shebid,paellamagi
shebid,Trapiki
tack,arc
Rushy,AnaNaszynska
Rushy,ATrue
Rushy,darkcrescendo
Rushy,keiross
Rushy,poisonedrose
Rushy,scottjamesprebble
Rushy,switchbladeserenade
Rushy,tanya-n
MyntKat,erickthedesigner
MyntKat,Exillior
MyntKat,FrockTarts
MyntKat,ginkgografix
MyntKat,jorobins
MyntKat,Marker-Guru
tuna,cheneymac
GoblinQueeen,animator
GoblinQueeen,briannacherrygarcia
GoblinQueeen,fuzzydemon
wordlesswhisper,amolerouth
wordlesswhisper,ninjabrick
wordlesswhisper,Zeros-Elipticus
walloftruth,b33lz3bub
walloftruth,blackice
walloftruth,bzed
walloftruth,cloude
walloftruth,De-Profundis
walloftruth,furryphotos
walloftruth,Insignificant-Other
walloftruth,Josh
walloftruth,madnessism
walloftruth,ninjabrick
walloftruth,radiositysg
walloftruth,the-faun
PattersonArt,Gashu-Monsata
PattersonArt,johnpaulthornton
PattersonArt,trenchmaker
PerryGallagher,jennipenny
PerryGallagher,kentsoul
PerryGallagher,kkart
PerryGallagher,lithiumpicnic
PerryGallagher,LeashaAHooker
PerryGallagher,lilbittydemon
PerryGallagher,mehmeturgut
PerryGallagher,Shy-Too-Shy
TouchedVenus,Damaged927
TouchedVenus,jeriweaver
TouchedVenus,Katmomma
TouchedVenus,Marker-Guru
TouchedVenus,Qinni
TouchedVenus,Yuuza
Abfc,AndyGassner
Abfc,TerrorCookie
isabelucha,Little-Vampire
megturney,bionikdesign
megturney,DanLuVisiArt
megturney,mhalpert
Emerald-Depths,cloaks
Emerald-Depths,J-u-d-a-s
Emerald-Depths,jane-beata
Emerald-Depths,jdrainville
Emerald-Depths,Lauraest
Emerald-Depths,MonicaMarinho
Emerald-Depths,neverdying
Emerald-Depths,photofairy
Emerald-Depths,vest
weaponzero,fuzzydemon
weaponzero,mental
IreneLangholm,Bloodredsangre
IreneLangholm,ElectrikPinkPirate
IreneLangholm,Evil-e33
IreneLangholm,KariAnnLax
IreneLangholm,kkart
IreneLangholm,MADmoiselleMeli
IreneLangholm,MarcelaBolivar
IreneLangholm,monatorgersen
IreneLangholm,Paula-Rosa
IreneLangholm,pendlestock
IreneLangholm,stigmatattoo
IreneLangholm,vacuumslayer
IreneLangholm,vayabobo
skyOrange,pyriel
hypermind,halfliquid
geckokid,AbCat
geckokid,Age2003
geckokid,AndyGassner
geckokid,annajordanart
geckokid,b33lz3bub
geckokid,DEVlANT
geckokid,keiross
geckokid,poisonedrose
AbCat,Amberlouie
AbCat,CrumpetsHarvey
AbCat,geckokid
AbCat,GeneratingHype
AbCat,Iscariot-Priest
AbCat,MSJames
AbCat,ndifference
AbCat,nycterent
AbCat,PlasticusForkus
AbCat,PoeticWar
AbCat,poisonedrose
AbCat,RetroZombie
AbCat,secondmagpie
SqueakyToybox,Adelaida
SqueakyToybox,RainCookie
shawkash,dualdesigns
shawkash,Joey-Zero
shawkash,spiritsighs
dualdesigns,AlexandraVBach
dualdesigns,anaRasha
dualdesigns,lockstock
dualdesigns,RetroZombie
dualdesigns,shawkash
SimonSawSunlight,tigaer
Phoenix-22,ClaireJones
Phoenix-22,CygX1
Phoenix-22,Halcyon83
shagie,FallisPhoto
nikosalpha,larafairie
nikosalpha,Manu-80
nikosalpha,mehmeturgut
Ashwings,Endling
mental,dinyctis
mental,hesitation
mental,olya
mental,superkev
mental,weaponzero
anaRasha,Bloodredsangre
anaRasha,dualdesigns
anaRasha,Eireen
anaRasha,IllustratedEye
anaRasha,JohndeLano
anaRasha,MonicaMarinho
anaRasha,Rachzee
anaRasha,spiritsighs
timmy64,bohobella
timmy64,Tepara
meanbones,melocopter
meanbones,stigmatattoo
anna,hexentanz
anna,silvein
DWALKER1047,1arcticfox
DWALKER1047,Aeires
DWALKER1047,ImaginedMoments
DWALKER1047,kkart
DWALKER1047,TeaPhotography
DWALKER1047,ToAPP
DWALKER1047,WaitingForTheWorms
phusion,ZirTuan
