username,type,date
simplysilent, senior, 2017-5-28
difficult-beast, regular, 2017-5-28
artisticallystrange, beta, 2017-5-27
VanCola, premium, 2017-5-27
kuaciyum, regular, 2017-5-26
RiverRekt, premium, 2017-5-26
RizaHarmona, premium, 2017-5-26
ZedLord-Art, premium, 2017-5-26
minibritti, beta, 2017-5-26
WanderingLok, premium, 2017-5-26
IlariaNP, regular, 2017-4-25
MilkyMoon13, regular, 2017-4-25
Noioo, premium, 2017-4-25
MissOIi, beta, 2017-4-24
Tomatone, regular, 2017-4-24
Flying-Hamburgers26, regular, 2017-4-24
Faience00, regular, 2017-4-24
rwrid, regular, 2017-4-22
Arienee-Chan, regular, 2017-4-22
Akuma-Mana61, beta, 2017-4-21
poofinburd, regular, 2017-4-21
Qube-Core, premium, 2017-4-20
alexia99hunter, premium, 2017-4-20
CaptainNinjaPants, premium, 2017-4-18
rooklinqs, premium, 2017-4-18
TVMiluna, regular, 2017-4-17
hachissu, premium, 2017-4-16
salted-milk, regular, 2017-4-16
Kayumi-tann, regular, 2017-4-16
purrwitch, premium, 2017-4-15
Mina-Chaan, beta, 2017-4-15
JACARIUS, regular, 2017-4-15
Notticus, premium, 2017-4-14
controltheopposition, regular, 2017-4-14
EmerorToad, regular, 2017-4-13
DivinityEclipse, premium, 2017-4-13
Shueren, beta, 2017-4-13
Juliet-Veil, premium, 2017-4-12
brigadierrPG, regular, 2017-4-12
OceanCatSpirit, premium, 2017-4-11
reznor666, regular, 2017-4-11
Spirit33322, regular, 2017-4-10
KaawaiiKiwi, premium, 2017-4-10
TreePencil, beta, 2017-4-10
unofficiallyCoding, regular, 2017-4-10
Kiwiji, regular, 2017-4-10
Cloud-Fly, premium, 2017-4-10
ThePinkest, regular, 2017-4-9
SammiTrancy, regular, 2017-4-9
RogueTheWarriorCat, regular, 2017-4-9
shaylawolfloverreal, premium, 2017-4-9
MellowMaize, premium, 2017-4-9
Cofee-Love, beta, 2017-4-9
Nagisa-Haru, banned, 2017-4-9
NintenCatherine, premium, 2017-4-8
CherrysDesigns, premium, 2017-4-8
VelvetOpal, premium, 2017-4-6
Shrillard, premium, 2017-4-6
poppy-opium, regular, 2017-4-6
vegetagirl9000, premium, 2017-4-5
doodlebug-tori, beta, 2017-4-5
MACINTOSHPIUS, beta, 2017-4-4
nyalls, premium, 2017-4-4
FuyonaBeanie, premium, 2017-4-4
moosethief, regular, 2017-4-3
uomiii, premium, 2017-4-3
existence111, regular, 2017-4-3
SonicoGFX, regular, 2017-4-2
Purple-Potatoez, regular, 2017-4-2
Olivvverr1499, regular, 2017-4-1
crcarlosrodriguez, premium, 2017-4-1
AyRayus, premium, 2017-4-1
KenryChu, premium, 2017-4-1
MiraiTea, premium, 2017-4-1
inverns, regular, 2017-3-30
Rickythecool, regular, 2017-3-29
Revan-Dawnstar, beta, 2017-3-29
MadamTea, premium, 2017-3-29
Elemeda, premium, 2017-3-29
EclypseDragn, regular, 2017-3-28
Nestly, beta, 2017-3-28
Oscorix, premium, 2017-3-28
Spyromancy, regular, 2017-3-28
Leahlinn, beta, 2017-3-28
EmmieStitch, premium, 2017-3-27
ArtisLupus, regular, 2017-3-27
Masked-Nightmare1, premium, 2017-3-26
Destiny-MoonFire, beta, 2017-3-25
Epidome, regular, 2017-3-25
Grimmijaggers, beta, 2017-3-25
smoldragorgi, regular, 2017-3-23
Dans-Mind, beta, 2017-3-23
sakugeek, regular, 2017-3-23
Minaru-Art, regular, 2017-3-23
Cherri-Bomb, beta, 2017-3-22
Rikunni, regular, 2017-3-22
Z-Gears, regular, 2017-3-21
aireeine, banned, 2017-3-20
Mukku-chan, regular, 2017-3-20
VioletEchoStar, regular, 2017-3-20
Dongtra-maochan, regular, 2017-3-20
ChiRozu, premium, 2017-3-20
RinaChanny, premium, 2017-3-19
Pegasister4eternity, banned, 2017-3-18
Phoenix-Alikan, beta, 2017-3-18
XxJUSTINKYxX, regular, 2017-3-17
AirSaber, premium, 2017-3-16
chalcadone, regular, 2017-3-16
KittyRosali, regular, 2017-3-15
deredrosid, beta, 2017-3-14
DanuuArt, premium, 2017-3-14
DandereOtakyu, beta, 2017-3-14
ItaSlipy, premium, 2017-3-14
cudlil, premium, 2017-3-14
derpycanine, regular, 2017-3-14
The-Queen-of-Solace, banned, 2017-3-13
Bubbilility, regular, 2017-3-13
CrimsonCommande, premium, 2017-3-12
Kuri-Nyann, beta, 2017-3-12
notsogreatvarun, regular, 2017-3-11
Tuliblu, premium, 2017-3-10
Mamo-Nyan, regular, 2017-3-9
Katherineroots, regular, 2017-3-8
Lerock96me, regular, 2017-3-8
Pahris, regular, 2017-3-6
RedDrawsStuff0-0, regular, 2017-3-6
carbonspace, regular, 2017-3-5
KawariChi, premium, 2017-3-5
Streak-set-Paints, premium, 2017-3-5
ShamusWorld, banned, 2017-3-4
Rarer4ever, beta, 2017-3-3
MunawarARt, regular, 2017-3-3
Minneia, regular, 2017-3-3
zabiky, regular, 2017-3-2
badazal, beta, 2017-3-2
KatyCake, regular, 2017-3-2
Ariannedione11, regular, 2017-3-2
neritiq, premium, 2017-3-1
clarinetistdoves, regular, 2017-2-31
AttractiveHeroine, regular, 2017-2-30
UnseenRealms, premium, 2017-2-29
PlasmaDragonite, regular, 2017-2-29
kekerosene, regular, 2017-2-29
YardnE, regular, 2017-2-29
Artistic-Lights, regular, 2017-2-28
TheCreatorsEye, premium, 2017-2-26
Stjarnamenne, beta, 2017-2-26
Dreiwochenwach, regular, 2017-2-26
Smileyfacestar, premium, 2017-2-25
timeturnersaf, regular, 2017-2-25
d-rukqs, regular, 2017-2-25
Ranpuru, regular, 2017-2-25
shin-minmi, regular, 2017-2-24
GoldenFurryOfficial, regular, 2017-2-24
Sa-Dui, beta, 2017-2-24
DreamLigthsOfAny, regular, 2017-2-23
ppstone, regular, 2017-2-23
siIverware, regular, 2017-2-22
Creamcloudie, regular, 2017-2-22
MalinaLis, banned, 2017-2-22
arcanid, beta, 2017-2-21
BlueKoi-Png, beta, 2017-2-20
boxgood67, beta, 2017-2-19
Razei-kun, premium, 2017-2-19
RedCurruption, regular, 2017-2-19
Mogire, beta, 2017-2-19
sootle, beta, 2017-2-19
xIcepelt, premium, 2017-2-18
pfaffenhut, regular, 2017-2-18
xAgnar, premium, 2017-2-18
ayamescarlet, regular, 2017-2-17
acwolf8788, regular, 2017-2-17
EduardaMartins, regular, 2017-2-16
ShutUpChibsi, beta, 2017-2-16
ArtOfLenoraClark, beta, 2017-2-15
Airienne, premium, 2017-2-14
Kimopoleis, beta, 2017-2-14
runandwine, premium, 2017-2-13
c-y-v, regular, 2017-2-13
SilverSwirls15, premium, 2017-2-13
Cr1t1calHershey, regular, 2017-2-13
chiyareko, regular, 2017-2-13
Mimpi-ReiArt, beta, 2017-2-13
Maximations, regular, 2017-2-12
FreezRaccoon, regular, 2017-2-12
mariacutte, regular, 2017-2-12
McClanaface, premium, 2017-2-12
jayseskimo, premium, 2017-2-12
TsukitheKuma, regular, 2017-2-11
gauzhi, beta, 2017-2-11
Poppa6, regular, 2017-2-11
Natassya13, regular, 2017-2-10
LunarStuffz, regular, 2017-2-10
Greteh, premium, 2017-2-8
mlplover845, premium, 2017-2-7
Bocolate-Sama, regular, 2017-2-7
Rushlan, regular, 2017-2-5
tripszyplur, regular, 2017-2-5
ShelbyQuino, regular, 2017-2-5
IvonnaTaco110, premium, 2017-2-5
Heartcrocher, premium, 2017-2-5
plqnetmars, regular, 2017-2-5
amiqu, regular, 2017-2-5
EnOfTheWorld, premium, 2017-2-5
thedragongirl77, regular, 2017-2-4
kouriiko, beta, 2017-2-4
LoliNoel, premium, 2017-2-4
weehawk99, premium, 2017-2-4
NecroPlanter, premium, 2017-2-3
blackbirdeast, premium, 2017-2-3
z3p0chicken, beta, 2017-2-3
CuzImaJellyfish, regular, 2017-2-3
kats-kreative, regular, 2017-2-3
yudaprtm, regular, 2017-2-3
rellaxation, regular, 2017-2-2
Totoro-Draws, regular, 2017-1-28
YoshineChan, regular, 2017-1-27
moetyrm, regular, 2017-1-27
eggroII, premium, 2017-1-26
terumishima, regular, 2017-1-25
Sephiroth-Art, premium, 2017-1-25
EroTako, regular, 2017-1-25
PocketOfStarz, regular, 2017-1-24
Hanatokabeno2810, regular, 2017-1-24
Xinyipanda, regular, 2017-1-24
MonochromiaFever, premium, 2017-1-24
Artemiie, regular, 2017-1-24
SkyVagant, regular, 2017-1-24
XxRaven-FindersxX, regular, 2017-1-24
voidyeri, regular, 2017-1-23
S-Siyala, premium, 2017-1-23
raumzeitkontinuum, premium, 2017-1-22
teddychoia, banned, 2017-1-22
Mylittleponyart2, regular, 2017-1-22
Diegoutetsuma, regular, 2017-1-21
Miss-Symph-0x0, premium, 2017-1-21
kawaa-kari, beta, 2017-1-21
WingLightWolf, premium, 2017-1-20
SmolPotatoArtist01, regular, 2017-1-20
HolySpessartite, regular, 2017-1-19
psyKonetix, regular, 2017-1-19
Lullaby-sweeties, premium, 2017-1-19
Grubfang, regular, 2017-1-19
Sayo-Ink, premium, 2017-1-19
DrawItWriteIt, beta, 2017-1-18
BloodLover2222, regular, 2017-1-18
AppleEditions15, banned, 2017-1-18
shaanii, regular, 2017-1-18
cowcaterol, regular, 2017-1-18
panamatsu, regular, 2017-1-18
Endercloud, banned, 2017-1-17
CaptainIronHawk, beta, 2017-1-17
xlightdreams, banned, 2017-1-17
LordRabbid, premium, 2017-1-17
Unicorn-Sophie, regular, 2017-1-17
SEMOCAN66, regular, 2017-1-16
mewyhearts, premium, 2017-1-15
RageSiren, premium, 2017-1-15
Lupita-Idis, premium, 2017-1-14
LunchboxFrank, beta, 2017-1-14
Debbielish, regular, 2017-1-13
Mewwmewgirl, regular, 2017-1-12
Rain-Wings, premium, 2017-1-12
Autumn-Luck, premium, 2017-1-12
I-Am-A-Silver-Lining, premium, 2017-1-12
cheezy1207, regular, 2017-1-12
DezignerDude, hell-beta, 2017-1-10
lxX-Discord-Xxl, regular, 2017-1-10
Grimxon, regular, 2017-1-9
K-enopsia, beta, 2017-1-8
BananaStarx, regular, 2017-1-8
qhostiecat, premium, 2017-1-8
alphashadowdragon, regular, 2017-1-8
Argyros-Silver, regular, 2017-1-8
Rianne2k8, premium, 2017-1-8
TheRebelPhoenix, premium, 2017-1-7
SavkaMagical, regular, 2017-1-7
StarMasayume, premium, 2017-1-6
Kiwiaka, premium, 2017-1-6
SlimyRat, regular, 2017-1-5
Sage-2018, premium, 2017-1-5
ArtloverrArts, regular, 2017-1-5
beatricedo, regular, 2017-1-5
WitcheressWoxy, regular, 2017-1-4
White-Tailed-tres, regular, 2017-1-4
Ambarnaza, premium, 2017-1-4
Pikanite, premium, 2017-1-4
Frostdance89, beta, 2017-1-4
Candyyaj, regular, 2017-1-4
TwistedTrickster97, premium, 2017-1-3
Overkill766, regular, 2017-1-3
TheFaunDoll-sCanvas, premium, 2017-1-2
evenfallpress, regular, 2017-1-2
xXKahArtsxX, regular, 2017-1-2
WhitePhoenixStudio, regular, 2017-1-2
Itacls, beta, 2017-1-1
pirhana4, banned, 2017-1-1
Yuki-Fujioka, regular, 2017-0-31
octosexbang, premium, 2017-0-31
WhalePie, regular, 2017-0-31
Aubergine100, regular, 2017-0-30
xXWindflowerXx, regular, 2017-0-30
kagazzle, regular, 2017-0-29
Jesteeer, regular, 2017-0-29
holidayturkeyy, regular, 2017-0-29
anaedicionsnCR, regular, 2017-0-29
den999999, regular, 2017-0-29
zertify, regular, 2017-0-29
nonahexe, regular, 2017-0-28
LEOJIBEBEKFORLIFE, beta, 2017-0-28
Xemnas-sama, regular, 2017-0-28
camocookie, regular, 2017-0-28
Crystal--Boi, beta, 2017-0-28
Oi-Im-Sad, regular, 2017-0-28
October-Owl, premium, 2017-0-28
a-loquy, regular, 2017-0-28
XxAngel-Cat-16xX, regular, 2017-0-28
sakuyasworld, beta, 2017-0-27
StaphItNow, regular, 2017-0-27
DidoArt12, regular, 2017-0-27
Blossompeak, regular, 2017-0-26
Pikuchin, regular, 2017-0-26
Supeer-chan, regular, 2017-0-26
Pastel-PNG, regular, 2017-0-26
11purplishpenguin, regular, 2017-0-26
implike, regular, 2017-0-25
Mimi-TRD, regular, 2017-0-25
SnickerChan, premium, 2017-0-25
Kaiend, regular, 2017-0-24
HsuMei, regular, 2017-0-23
RSNVaine, beta, 2017-0-23
AnyQu33n, banned, 2017-0-22
iZince, regular, 2017-0-22
Moonstone-Serenity, premium, 2017-0-21
Kattsura, premium, 2017-0-21
Destona, regular, 2017-0-21
DarkStar5602, beta, 2017-0-21
Scarlett-Houston, regular, 2017-0-21
Timber-lyn, regular, 2017-0-20
qeorqia, premium, 2017-0-19
hellosiste, regular, 2017-0-19
Gabasonian, premium, 2017-0-17
Ralenore, regular, 2017-0-16
Kureiyah, premium, 2017-0-16
Dripsk, regular, 2017-0-15
Lori-Lori-Chan, premium, 2017-0-15
YuuriNerd, regular, 2017-0-15
FriendlyCreeperAndCo, regular, 2017-0-15
Selusunost, banned, 2017-0-15
misty-mellow12, regular, 2017-0-15
moontrance123, regular, 2017-0-15
faded--colours, regular, 2017-0-14
AlphaVocaloid, regular, 2017-0-14
Cippy21, regular, 2017-0-14
Rubix-McCubey, regular, 2017-0-14
WithoutCommonSense, premium, 2017-0-12
Alexiwings9, beta, 2017-0-11
X-XLawlessX-X, regular, 2017-0-11
MangoKittyCat, regular, 2017-0-11
Talondal, regular, 2017-0-11
CircusMiko, premium, 2017-0-11
koimonster22, regular, 2017-0-10
Airi-Deviantart, regular, 2017-0-10
Shiizacz, regular, 2017-0-10
nieveblanca12, regular, 2017-0-10
GuD0c, premium, 2017-0-10
AaronDemiurg, regular, 2017-0-10
Luna-96, regular, 2017-0-9
SansXYugioh, regular, 2017-0-9
KyrrahTW, regular, 2017-0-9
hkolari, regular, 2017-0-8
AlexaXVMichaelis, regular, 2017-0-8
sonyasoniclover12, regular, 2017-0-8
myAngeltears, regular, 2017-0-7
KittyCat3939, regular, 2017-0-7
ProjectHunterz, regular, 2017-0-7
NekoRosee, beta, 2017-0-6
PenPal-Olive, regular, 2017-0-6
stevecash83-ART2, regular, 2017-0-6
nerdermily, regular, 2017-0-5
wallpapersstyle, regular, 2017-0-5
Kollir, banned, 2017-0-5
valloria, premium, 2017-0-4
XFuyu-YumeX, regular, 2017-0-4
BronyCooper, beta, 2017-0-4
Carmen-OtakuGamer, regular, 2017-0-4
Chesh-Syn, premium, 2017-0-4
Zair0, regular, 2017-0-3
BlueTigress94, regular, 2017-0-3
Queen-RooniiSuu, beta, 2017-0-3
TheObservantServant, regular, 2017-0-3
MarySue-does-drawing, regular, 2017-0-3
Allaigna-Puff, regular, 2017-0-3
Sophia-Eowyn, beta, 2017-0-2
LaryTheEmolga, regular, 2017-0-2
PhantomystiqueArt, premium, 2017-0-1
perodiablo, regular, 2017-0-1
Vestigance, premium, 2016-11-31
xZylerx, premium, 2016-11-31
NexusUniverse, premium, 2016-11-31
SiinFoxes, premium, 2016-11-30
ituks, regular, 2016-11-30
dooq-teeth, regular, 2016-11-30
Katzyrine, premium, 2016-11-30
Aenyk, premium, 2016-11-29
Fizzyfiz-fiz, regular, 2016-11-29
WiLloWBlOsSoMXoX102, regular, 2016-11-29
Fumikuru, regular, 2016-11-29
Icymiiru, regular, 2016-11-29
aes0, beta, 2016-11-28
Sxlaris, regular, 2016-11-28
MiladyDiamond-Beatz, regular, 2016-11-28
tireimisu, regular, 2016-11-28
Fluershy123, banned, 2016-11-27
Say0chi, regular, 2016-11-27
zzpopzz, regular, 2016-11-27
Shaniahmations, regular, 2016-11-26
Laney916, regular, 2016-11-26
riggystix, beta, 2016-11-26
UndertaleMewtwo, banned, 2016-11-26
Cariarra, regular, 2016-11-26
Lyn-Lopez, regular, 2016-11-26
PrattyVee, regular, 2016-11-26
Cabbagesaurus, regular, 2016-11-25
DornFinn, premium, 2016-11-25
Shoosmita, regular, 2016-11-25
White-Tailed-Fox, banned, 2016-11-25
AlineLPS, regular, 2016-11-25
WhiteChopsy, regular, 2016-11-25
GlowingLoudly, regular, 2016-11-24
HoneyDoodlez, banned, 2016-11-24
rainjello, regular, 2016-11-23
M-13, regular, 2016-11-23
DrawingsByJulie, regular, 2016-11-23
deidara1444, regular, 2016-11-23
Turned-At-Dusk, regular, 2016-11-23
Mitchiri-Neko, regular, 2016-11-23
King--Weeaboo, premium, 2016-11-21
Arreni, premium, 2016-11-21
AkinaSilver, beta, 2016-11-21
WassupIke, regular, 2016-11-21
Lolliedrop, premium, 2016-11-21
SilverfireX3, regular, 2016-11-21
Dysphoriyl, premium, 2016-11-21
Frosticee, regular, 2016-11-20
Uher0, premium, 2016-11-20
adorablysquish, premium, 2016-11-20
FriskyChan, regular, 2016-11-20
EwaAliatrop, regular, 2016-11-20
lcystarz, regular, 2016-11-20
yikesberg, regular, 2016-11-20
Le-Chat-Jaune, premium, 2016-11-20
solcii-chan, beta, 2016-11-20
odorii, regular, 2016-11-19
Kanomatsu, beta, 2016-11-19
OrangenKunst, regular, 2016-11-19
666-Sina-666, regular, 2016-11-18
LSPcosplay, premium, 2016-11-18
Wolfybytes, premium, 2016-11-18
Hikerumin, beta, 2016-11-17
boyf-riends, premium, 2016-11-17
SnowyReign, premium, 2016-11-17
CookieSharkArts, premium, 2016-11-17
Nanuukk, premium, 2016-11-16
xGalaxy-Purple, regular, 2016-11-16
Chii-Dan, premium, 2016-11-16
Marielle-HighScream, regular, 2016-11-14
YurisYu, regular, 2016-11-14
Gorcette, regular, 2016-11-13
Raijinken13, regular, 2016-11-13
EthanSawyer, regular, 2016-11-13
jakepb, regular, 2016-11-13
redblueandgold, regular, 2016-11-12
Havenoid, regular, 2016-11-11
deertzto, beta, 2016-11-11
Tyleroni, regular, 2016-11-10
polar1303, regular, 2016-11-10
HaruMiiu, premium, 2016-11-10
KariHobinetti, regular, 2016-11-10
ZoeyArt, premium, 2016-11-10
TheGoldenSunsetAJ, regular, 2016-11-10
Galaxycat2002, regular, 2016-11-8
ChuueCreations, premium, 2016-11-8
P--ara, beta, 2016-11-7
Sariibubblecat, regular, 2016-11-7
Kitty-Karma, regular, 2016-11-7
DeeForce, premium, 2016-11-7
Diego-Beltrao, regular, 2016-11-7
77auraa, regular, 2016-11-6
Vixenese, beta, 2016-11-6
axoolotl, beta, 2016-11-6
BlueJay129, regular, 2016-11-5
Helpami, premium, 2016-11-5
s-k-i-e-s, regular, 2016-11-4
SushimiTsukimi, premium, 2016-11-4
DamiaDiamondLace, regular, 2016-11-3
RainboyJGCOffc, regular, 2016-11-2
YattaMutt, beta, 2016-11-2
pikinipiki, beta, 2016-11-1
Atorapucha, regular, 2016-11-1
flyinginblueclouds, regular, 2016-11-1
BunnyMacarons, premium, 2016-11-1
bloodypixel777, regular, 2016-11-1
Freedombay, banned, 2016-10-30
SiilentRain, beta, 2016-10-29
DerrickButler07, regular, 2016-10-29
Yuarei, premium, 2016-10-29
Pyoco, premium, 2016-10-28
scarlet-space, regular, 2016-10-26
levellove, premium, 2016-10-26
wakingsunshine, regular, 2016-10-26
ArtySoul2, regular, 2016-10-26
Antisapien, regular, 2016-10-25
TheRainbowGod, regular, 2016-10-25
Bhealltainn, premium, 2016-10-25
GabrielleDace, beta, 2016-10-24
GirlCrepyYandere, regular, 2016-10-24
NatyEditions25, regular, 2016-10-22
n-i-k-n-a-k, regular, 2016-10-22
Gekigengar, regular, 2016-10-21
LuisFelipeRosa064, regular, 2016-10-21
ArtWeazel, regular, 2016-10-21
GlittterificStud, regular, 2016-10-21
FoxMuppet, premium, 2016-10-21
AnnA8448, regular, 2016-10-21
cat-of-the-unreal, regular, 2016-10-20
VGBNEM, premium, 2016-10-20
UnbornLegacyArt, regular, 2016-10-19
AnimaLover126, regular, 2016-10-19
Honey-Doodle, banned, 2016-10-19
Mlp-Adict, regular, 2016-10-18
Rohvanah, premium, 2016-10-18
LuckyDuckyArt, regular, 2016-10-18
shadowemma, regular, 2016-10-17
GuardianOfInnola, premium, 2016-10-17
Cani-bal, beta, 2016-10-17
orrionstar, beta, 2016-10-17
Yumanai, regular, 2016-10-17
iiMesketchii, beta, 2016-10-17
BlueStarandBlackShot, beta, 2016-10-16
ColoradoPeaks, regular, 2016-10-16
llEttell, beta, 2016-10-16
CandyAppleee, regular, 2016-10-16
KJsPlace, beta, 2016-10-15
Squalotail, regular, 2016-10-15
Mikaru-Blackspade, regular, 2016-10-14
pinkavocadobaby, premium, 2016-10-14
starsleeps, regular, 2016-10-14
Skyriazeth, beta, 2016-10-14
Ecstrap, beta, 2016-10-13
blazeythechild, regular, 2016-10-13
kobbii, premium, 2016-10-12
elicoronel16, senior, 2016-10-12
KA0980Kawaii, premium, 2016-10-12
SakuraDrawer, regular, 2016-10-11
Kittybellgamer, regular, 2016-10-10
Midnight-Designed, premium, 2016-10-9
Hilent, regular, 2016-10-9
NomarRubi, regular, 2016-10-9
Shionpants, regular, 2016-10-9
MLPFrost, premium, 2016-10-9
FireTsuki, regular, 2016-10-9
KenzieLuv30, premium, 2016-10-8
Minx-minx, regular, 2016-10-7
TheAcademyGhost, regular, 2016-10-7
xKurochii, premium, 2016-10-7
CreativeMissy, premium, 2016-10-7
2aftermeridian, premium, 2016-10-6
Teadoodles, banned, 2016-10-6
RavenQueenXTK, regular, 2016-10-6
CharmysARPG, beta, 2016-10-5
shi-bu-shi, premium, 2016-10-5
Cookiez4evr, premium, 2016-10-5
Xiaochii, beta, 2016-10-5
Kitkattremblay, regular, 2016-10-5
PurpleMistPepper, regular, 2016-10-5
RamzyKamen, premium, 2016-10-4
Kit-sunebi, premium, 2016-10-3
VanArt94, hell-beta, 2016-10-3
KawaiiKittyLover18, regular, 2016-10-3
Wolfgalaxys, premium, 2016-10-3
surprisewolf, regular, 2016-10-3
jackroono, regular, 2016-10-2
Honeybuzz01, banned, 2016-10-1
z00haiRA, regular, 2016-9-31
BotCp, premium, 2016-9-31
Poromii, regular, 2016-9-31
trackpad-user, regular, 2016-9-30
Noahsnowy-y, beta, 2016-9-30
XxCreamyPastelxX, regular, 2016-9-30
NastyKarma, regular, 2016-9-30
GlediolaAlija, premium, 2016-9-29
maikasenpai, regular, 2016-9-29
PromiseWoodStables, premium, 2016-9-28
Skyrawathi, premium, 2016-9-28
Smoq-Bomb, regular, 2016-9-27
i7434r7157, regular, 2016-9-26
Nindei, regular, 2016-9-26
PaoTiniEditions, premium, 2016-9-25
BreadChunkk, regular, 2016-9-24
chen226622, regular, 2016-9-24
eggpaw, regular, 2016-9-23
EchoJinx47, beta, 2016-9-23
Rainbow-RiseOwO, banned, 2016-9-23
ladypotate, regular, 2016-9-23
spoopybean, regular, 2016-9-23
you-may-call-me-meme, premium, 2016-9-21
RedRehab, beta, 2016-9-21
yipyipbrrring, regular, 2016-9-21
spaced---out, regular, 2016-9-21
jyeeditosab, regular, 2016-9-21
TOMMI-W, regular, 2016-9-21
CrashinWaves, premium, 2016-9-21
TheWinterBunny, premium, 2016-9-19
Kagaaa, regular, 2016-9-19
fabueen, premium, 2016-9-18
Soph-art-lover, beta, 2016-9-18
GSquadron, regular, 2016-9-18
thschd, regular, 2016-9-17
drawingnerd1111, regular, 2016-9-17
constellationtears, regular, 2016-9-17
tri-bent, regular, 2016-9-16
DerpySmiles, regular, 2016-9-16
nishimurayuma, regular, 2016-9-16
MsMellaa, premium, 2016-9-16
CosmicColours, premium, 2016-9-15
ReblLily, beta, 2016-9-14
thunderstorm210, beta, 2016-9-13
obake-the-sincere, premium, 2016-9-12
sweater-shibe, premium, 2016-9-11
Viperwings, regular, 2016-9-11
scarllett-moon, regular, 2016-9-11
BeetleInABottle, premium, 2016-9-10
Crownos, beta, 2016-9-10
oceannco, regular, 2016-9-10
Ria-Kisaragi27, beta, 2016-9-8
DahriAlGhul, premium, 2016-9-8
QueenCheeseCake, premium, 2016-9-8
mony0487, regular, 2016-9-8
Selunna, premium, 2016-9-8
astrologicaI, regular, 2016-9-7
StarJita, premium, 2016-9-7
L3Moon-Studios, premium, 2016-9-6
Serpede, regular, 2016-9-6
Silver2504, regular, 2016-9-6
AniLLem, regular, 2016-9-5
HinamoriKills, regular, 2016-9-5
CloudedLullaby, regular, 2016-9-5
ryft82, regular, 2016-9-4
sunlovesthxmoon, regular, 2016-9-4
Wistparri, regular, 2016-9-2
Alasmay, regular, 2016-9-2
MissKammi, beta, 2016-9-1
BachLynn23, beta, 2016-9-1
Honig-Biene, regular, 2016-9-1
NightlyNooky, regular, 2016-9-1
JunHoKa, regular, 2016-9-1
YOMMI-SAN, regular, 2016-9-1
Rinnocent, premium, 2016-8-30
StarryM00nlight, regular, 2016-8-29
Bunikoo, regular, 2016-8-29
xHoshiGalaxyx, banned, 2016-8-29
Quickman012, premium, 2016-8-28
vanndra, beta, 2016-8-28
wondxful-lies, regular, 2016-8-28
SbUrban-Flowerchild, regular, 2016-8-27
spannks, regular, 2016-8-26
PrincessSkyler, premium, 2016-8-26
VantiumsDoll, regular, 2016-8-25
BasicNerd, regular, 2016-8-25
ugliehchibi, premium, 2016-8-24
Leaguini, regular, 2016-8-24
Neon--Stylus, beta, 2016-8-24
SirPon, regular, 2016-8-24
Ryu-seki, regular, 2016-8-24
Misuzee, beta, 2016-8-23
KouriTheHedgehog, regular, 2016-8-22
TiaTam, regular, 2016-8-22
Fable-Paradox, premium, 2016-8-21
Aqua-Elephant, regular, 2016-8-20
ClutterCluster, premium, 2016-8-19
MeganWintersx, regular, 2016-8-19
Whiskers901, regular, 2016-8-18
FuckMeBitchPerfect, premium, 2016-8-18
marcosnogueiracb, premium, 2016-8-18
Thesecretofthewolfs, premium, 2016-8-18
ChaiFoxi, beta, 2016-8-17
catt-uccino, regular, 2016-8-17
drowsydoe, regular, 2016-8-16
Sonic-bases-4ever, regular, 2016-8-15
chula24kilates, regular, 2016-8-14
scarlet--shade, regular, 2016-8-13
Novatea, premium, 2016-8-13
XxArturoJuliboxX, beta, 2016-8-13
stephaniereckling, premium, 2016-8-13
Balletsu, regular, 2016-8-13
Hime-pyon, premium, 2016-8-13
mireiayuu, regular, 2016-8-13
DessartWorks, regular, 2016-8-12
KarhunNoaidi, premium, 2016-8-11
PixyPersephone, regular, 2016-8-10
EyAssyria, regular, 2016-8-10
MeowKittyMMD, regular, 2016-8-9
lynda46, regular, 2016-8-9
WolfyKitten, regular, 2016-8-9
DepartedDoe, premium, 2016-8-8
Rinworks, regular, 2016-8-8
Bonnie078, regular, 2016-8-7
xNeferpitoux, beta, 2016-8-7
PrincessAmunet, regular, 2016-8-7
DSegno92, beta, 2016-8-7
aisutime, regular, 2016-8-6
SuperAceheroic, beta, 2016-8-6
SpoopyMemeyBook, beta, 2016-8-6
RyouKanata, regular, 2016-8-5
MegaNE-KO, regular, 2016-8-4
CAL1C0, premium, 2016-8-4
EllieSphaera, premium, 2016-8-4
VileBile, beta, 2016-8-4
AmazingAceArmy, regular, 2016-8-4
squidshy, premium, 2016-8-3
VoidBurn, beta, 2016-8-3
Michelle-Scarlet, regular, 2016-8-3
KokoDrooodle, regular, 2016-8-3
heartkey101, regular, 2016-8-3
kaidah-xo, regular, 2016-8-2
Plush-Lore, premium, 2016-8-2
NaruTchi, regular, 2016-8-2
Jei-Dinofelini, beta, 2016-8-2
SonnasArt, beta, 2016-8-2
CookieCatCrazie, banned, 2016-8-1
Horlod, regular, 2016-8-1
GumbotheGreat, regular, 2016-7-31
Ruanly, premium, 2016-7-31
DestinyStarz, premium, 2016-7-31
J0sadorf, regular, 2016-7-31
digital333, regular, 2016-7-31
utaharu, regular, 2016-7-30
Gyroc, beta, 2016-7-29
ShaelynnPurple, regular, 2016-7-29
KhaoticVex, premium, 2016-7-29
C2iNk, premium, 2016-7-29
decamet, premium, 2016-7-29
kingofkolakeia, premium, 2016-7-28
Sychun, regular, 2016-7-28
Iku-Aldena, premium, 2016-7-28
TheRainbowPonyKitty, regular, 2016-7-27
Myaruu, premium, 2016-7-27
susiedragon, banned, 2016-7-27
robrobds, regular, 2016-7-27
shoemin, regular, 2016-7-27
xwanwan, premium, 2016-7-26
Cana646, regular, 2016-7-25
Deniz-Shy, premium, 2016-7-24
Sardrellas, beta, 2016-7-24
Devinodon, premium, 2016-7-24
Smouvie, regular, 2016-7-24
ameshin, beta, 2016-7-23
Astrokiwi, regular, 2016-7-23
BertMel, regular, 2016-7-23
debrodis, premium, 2016-7-22
CircleCommissions, regular, 2016-7-22
Blurasxbery, premium, 2016-7-22
Moonlit-Lotus, beta, 2016-7-22
Jellious, premium, 2016-7-22
SofiMXD, regular, 2016-7-22
pollytypolly, regular, 2016-7-22
ZombieTator, beta, 2016-7-21
Seraphy-chan, premium, 2016-7-21
MizuNeko68, premium, 2016-7-21
O-Persephone-O, premium, 2016-7-21
karlena1997, regular, 2016-7-20
ColineTheNeko, regular, 2016-7-20
rollingpoly, premium, 2016-7-20
MikoDiin, regular, 2016-7-19
RatQween, beta, 2016-7-19
EmoDeathBunny, regular, 2016-7-18
Rukia-Sempai, regular, 2016-7-18
PrincessCarol, premium, 2016-7-17
WinnieMouse, regular, 2016-7-16
Atimmi, beta, 2016-7-16
miss-alchemist, beta, 2016-7-15
Hiiroki, regular, 2016-7-15
SkywaySky, premium, 2016-7-14
SilverTox, regular, 2016-7-14
JaquelineMerces, regular, 2016-7-13
floofufo, beta, 2016-7-12
Ninjacat14, regular, 2016-7-12
Lyime, regular, 2016-7-11
ZerothBox, premium, 2016-7-11
xXFantasmicXx, regular, 2016-7-10
n0lax, beta, 2016-7-10
swxt-moon, regular, 2016-7-10
Mimyoi, beta, 2016-7-10
Akuno-chan, regular, 2016-7-10
Sleepy-Mia, premium, 2016-7-10
afurin, regular, 2016-7-10
smolboii, regular, 2016-7-9
rosy-cats, regular, 2016-7-9
l-o-w-k-e-yARTSY, regular, 2016-7-9
burburart, beta, 2016-7-9
SimplyPixelizing, beta, 2016-7-9
pinku-me, regular, 2016-7-8
Law-lie, regular, 2016-7-8
Mxytic, regular, 2016-7-8
DreamingOcean, regular, 2016-7-8
PastelPinkieOfficial, regular, 2016-7-8
BeyondThisUniverse, regular, 2016-7-7
YoonAddictable, regular, 2016-7-7
JazzaX, beta, 2016-7-6
Sorex-And-HikameRose, beta, 2016-7-4
YoeComeGalletas, regular, 2016-7-4
TripleTartArt3, regular, 2016-7-4
LalaUzumaki, regular, 2016-7-4
XxRebyTheCatxX, beta, 2016-7-4
Choklit-Cookie, regular, 2016-7-3
Carsote, banned, 2016-7-2
Miouaa, regular, 2016-7-2
Candy-Witch, beta, 2016-7-1
whats-a-good-outlook, regular, 2016-7-1
XxJivkop7xX, regular, 2016-7-1
Ashley-Q, premium, 2016-7-1
TimekeeperJ, regular, 2016-6-31
Dreamer-Draws, regular, 2016-6-30
Creaciones-Jean, premium, 2016-6-29
souleater0132, regular, 2016-6-29
zea-bruh, beta, 2016-6-29
Orbitual, regular, 2016-6-28
SweetAyaArts, regular, 2016-6-27
Barbew, regular, 2016-6-26
hizbullahepy, regular, 2016-6-25
starrylight45589, regular, 2016-6-25
Ezekuro, regular, 2016-6-25
Cacaa-chan, regular, 2016-6-25
SmallishPikaPie, regular, 2016-6-25
Abiess2, banned, 2016-6-23
OneHellOfANation, regular, 2016-6-23
SlichoArt, premium, 2016-6-23
flickeroriginator, premium, 2016-6-22
Chibi-loli, regular, 2016-6-22
Solunee, regular, 2016-6-22
The-lost-kuchiki, regular, 2016-6-21
VenusToaster, regular, 2016-6-21
izumi-ish, regular, 2016-6-20
kalouriis, regular, 2016-6-20
Oikaii, regular, 2016-6-20
Teslarossa, premium, 2016-6-20
Minweln, premium, 2016-6-19
chrislittle, premium, 2016-6-19
jiritsuu, beta, 2016-6-19
Rinitoruu, regular, 2016-6-18
isacrae, regular, 2016-6-18
Kaoruni, banned, 2016-6-18
meinnie, premium, 2016-6-18
aya-sara, premium, 2016-6-17
chimkoe, regular, 2016-6-17
TorikatoD, regular, 2016-6-15
NerdtleLovesArt, regular, 2016-6-14
chara-est-nakamura, regular, 2016-6-14
PasteIPizza, regular, 2016-6-14
Mysti-S, premium, 2016-6-14
TheOnlyMoosen, regular, 2016-6-13
APH-And-Raindrops, regular, 2016-6-13
myukei, regular, 2016-6-13
Vixenniru, beta, 2016-6-12
katherineprosperi, regular, 2016-6-12
helminths, beta, 2016-6-12
Cookie--Bear, regular, 2016-6-11
NarnianHobbit, premium, 2016-6-11
Drasayer, premium, 2016-6-11
dashina-many, regular, 2016-6-11
Blokotek, regular, 2016-6-11
Frinti, premium, 2016-6-10
FangirlPhantomhive, regular, 2016-6-9
CharlotteArtz, regular, 2016-6-9
MH-Nova, regular, 2016-6-9
DerrickTButler, regular, 2016-6-8
moon-coyote, regular, 2016-6-8
citizenElle, premium, 2016-6-8
MissDiealot, premium, 2016-6-7
solchu123, regular, 2016-6-7
lisbeeth, regular, 2016-6-7
row, regular, 2016-6-7
nijikawai, premium, 2016-6-7
clownscape, beta, 2016-6-6
iikwa, premium, 2016-6-6
Janedrawings, regular, 2016-6-6
Suzzi01, regular, 2016-6-6
Zimoshi, premium, 2016-6-6
mr-tiaa, premium, 2016-6-5
NeonApples, regular, 2016-6-5
Anikin-Skyhugger, premium, 2016-6-5
Moonsii, regular, 2016-6-5
LadyUnorthodox, beta, 2016-6-4
CanelaRose, regular, 2016-6-4
Xerenya, regular, 2016-6-3
Sniv-The-Unworthy, beta, 2016-6-3
DrakynWyrm, regular, 2016-6-2
LyricGemVA, regular, 2016-6-2
YeollieXingXing, regular, 2016-6-2
Sasu-Sakuu, regular, 2016-6-1
MilkPore, premium, 2016-6-1
May-Senpi, regular, 2016-5-30
ZoeTaylorAdopts, premium, 2016-5-30
ZaveKey, beta, 2016-5-30
VelvetCookiesRed, regular, 2016-5-29
Explotato, regular, 2016-5-29
UlielArt, premium, 2016-5-28
aurenbunni, premium, 2016-5-28
Kom422, premium, 2016-5-28
Fullmetal870, regular, 2016-5-28
0-Bluejay-0, beta, 2016-5-28
Armethyle, regular, 2016-5-27
AmethystDesireHeart, regular, 2016-5-27
KhuraYatoxX, premium, 2016-5-27
Zheffari, regular, 2016-5-27
LovellaTorendo, premium, 2016-5-26
Awkie, premium, 2016-5-26
totalrandomusername, premium, 2016-5-26
ShinyRaii, premium, 2016-5-26
AsuMella, regular, 2016-5-25
sinqingbirds, regular, 2016-5-25
Mango-Nectar, regular, 2016-5-25
EkoStag, premium, 2016-5-25
Underfeels-AU, regular, 2016-5-25
boy-kisses, beta, 2016-5-24
TIWWYNEO, regular, 2016-5-24
KirstiCatStJelloFoo, premium, 2016-5-24
Dreyce, regular, 2016-5-24
xdarkfeatherx, regular, 2016-5-23
Naymechan, premium, 2016-5-23
shirousagi14, regular, 2016-5-23
Rainbowcystal, premium, 2016-5-23
DiWine-Waro, premium, 2016-5-23
Ursusmaior, regular, 2016-5-23
zeeyups, regular, 2016-5-22
yoniku, regular, 2016-5-22
HasnaGahayu13, regular, 2016-5-21
Rainbow0112, premium, 2016-5-21
StylesonhoranEdition, regular, 2016-5-21
Sans-Under-Tale, banned, 2016-5-21
SuperOrRealTunetia12, regular, 2016-5-20
Vicle-chan, beta, 2016-5-20
Shannon1234567, regular, 2016-5-20
Gemira, regular, 2016-5-20
ibest-flxwers, beta, 2016-5-19
sakkali, beta, 2016-5-19
Eti-blanca, regular, 2016-5-18
FerooJaws, premium, 2016-5-18
Natka778, regular, 2016-5-18
PigeonCalendar, regular, 2016-5-18
lunacybunny, premium, 2016-5-17
Toruar, regular, 2016-5-17
enmoire, premium, 2016-5-16
JivvySixTeen, beta, 2016-5-16
Animated123, regular, 2016-5-16
samima1204, regular, 2016-5-16
YuriqueS, beta, 2016-5-16
Celuthien, beta, 2016-5-16
niiqht-litten, regular, 2016-5-15
EinnhardeR, premium, 2016-5-14
Intortus-Aedo, regular, 2016-5-14
ChrissandraAndHearty, banned, 2016-5-14
mei-star, regular, 2016-5-14
FlightofZephyra, regular, 2016-5-13
8BitWeirdo, regular, 2016-5-13
heyitscoco, regular, 2016-5-13
Kooliokatz, premium, 2016-5-12
corruptedIInnocence, regular, 2016-5-11
HiimePyon, regular, 2016-5-11
Othellys, regular, 2016-5-11
AcrylicSurf, regular, 2016-5-11
sweetie-madiselle, regular, 2016-5-11
miiudesu, premium, 2016-5-10
kate-dawson, regular, 2016-5-10
Metaphorical-Wh0re, premium, 2016-5-9
Doodler-On-Z-Run, regular, 2016-5-9
Shadow12230, regular, 2016-5-9
Alindraws, regular, 2016-5-9
crisisbeat83, premium, 2016-5-9
Ramyuun, premium, 2016-5-8
Juleq, regular, 2016-5-8
Manga124, regular, 2016-5-8
RileyCasper, beta, 2016-5-7
0PieceOfCake0, premium, 2016-5-7
otakulane, premium, 2016-5-6
MaiChanQAQ, regular, 2016-5-6
itajez009, regular, 2016-5-5
Kitten-Miau, regular, 2016-5-5
CreativeSoal, regular, 2016-5-5
Nerderella-bookie, regular, 2016-5-5
Brianna3131, regular, 2016-5-5
BreadChunk, banned, 2016-5-5
Nearlicious, regular, 2016-5-5
Niti-Pon, premium, 2016-5-5
Juli-Leysson, regular, 2016-5-5
wonderleopard22, regular, 2016-5-5
Nick-Zero, regular, 2016-5-4
kiadan-designer, regular, 2016-5-4
BlueWolfieART, premium, 2016-5-4
FrostedMacaron, premium, 2016-5-4
SevenWhiteRoses, banned, 2016-5-4
